Position,Name + ID,Name,ID,Roster Position,Salary,Game Info,TeamAbbrev,AvgPointsPerGame
SP,Clayton Kershaw (10629981),Clayton Kershaw,10629981,P,14400,LAD@ARI 05/02/2018 09:40PM ET,LAD,17.62
SP,Max Scherzer (10629982),Max Scherzer,10629982,P,13400,PIT@WAS 05/02/2018 07:05PM ET,WAS,31.37
SP,Gerrit Cole (10629983),Gerrit Cole,10629983,P,12500,NYY@HOU 05/02/2018 08:10PM ET,HOU,31.12
SP,Justin Verlander (10629984),Justin Verlander,10629984,P,12300,NYY@HOU 05/02/2018 08:10PM ET,HOU,30.61
SP,Patrick Corbin (10629985),Patrick Corbin,10629985,P,11500,LAD@ARI 05/02/2018 09:40PM ET,ARI,30.3
SP,Jacob deGrom (10629517),Jacob deGrom,10629517,P,11500,ATL@NYM 05/02/2018 07:10PM ET,NYM,25.55
SP,Robbie Ray (10629986),Robbie Ray,10629986,P,11300,LAD@ARI 05/02/2018 09:40PM ET,ARI,17.41
SP,Lance McCullers Jr. (10629987),Lance McCullers Jr.,10629987,P,11200,NYY@HOU 05/02/2018 08:10PM ET,HOU,21.12
SP,Jake Arrieta (10629988),Jake Arrieta,10629988,P,10900,PHI@MIA 05/02/2018 07:10PM ET,PHI,14.79
SP,Stephen Strasburg (10629518),Stephen Strasburg,10629518,P,10800,PIT@WAS 05/02/2018 07:05PM ET,WAS,20.91
SP,Noah Syndergaard (10629989),Noah Syndergaard,10629989,P,10800,ATL@NYM 05/02/2018 07:10PM ET,NYM,20.1
SP,Charlie Morton (10629990),Charlie Morton,10629990,P,10500,NYY@HOU 05/02/2018 08:10PM ET,HOU,25.28
SP,Zack Greinke (10629991),Zack Greinke,10629991,P,10200,LAD@ARI 05/02/2018 09:40PM ET,ARI,19.4
SP,Aaron Nola (10629519),Aaron Nola,10629519,P,9900,PHI@MIA 05/02/2018 07:10PM ET,PHI,18.24
SP,Alex Wood (10629992),Alex Wood,10629992,P,9800,LAD@ARI 05/02/2018 09:40PM ET,LAD,14.69
SP,Kenta Maeda (10629993),Kenta Maeda,10629993,P,9500,LAD@ARI 05/02/2018 09:40PM ET,LAD,14.88
SP,Luis Severino (10629520),Luis Severino,10629520,P,9200,NYY@HOU 05/02/2018 08:10PM ET,NYY,23.75
SP,Rich Hill (10629994),Rich Hill,10629994,P,9100,LAD@ARI 05/02/2018 09:40PM ET,LAD,11.78
SP,Hyun-Jin Ryu (10629521),Hyun-Jin Ryu,10629521,P,8900,LAD@ARI 05/02/2018 09:40PM ET,LAD,19.12
SP,Masahiro Tanaka (10629995),Masahiro Tanaka,10629995,P,8900,NYY@HOU 05/02/2018 08:10PM ET,NYY,18.66
SP,Gio Gonzalez (10629996),Gio Gonzalez,10629996,P,8700,PIT@WAS 05/02/2018 07:05PM ET,WAS,18.82
SP,Jimmy Nelson (10629997),Jimmy Nelson,10629997,P,8700,MIL@CIN 05/02/2018 07:10PM ET,MIL,0
SP,Jordan Montgomery (10629998),Jordan Montgomery,10629998,P,8500,NYY@HOU 05/02/2018 08:10PM ET,NYY,11.88
SP,Sean Manaea (10629999),Sean Manaea,10629999,P,8400,OAK@SEA 05/02/2018 10:10PM ET,OAK,28.58
SP,Jameson Taillon (10630001),Jameson Taillon,10630001,P,8100,PIT@WAS 05/02/2018 07:05PM ET,PIT,13.94
SP,CC Sabathia (10630000),CC Sabathia,10630000,P,8100,NYY@HOU 05/02/2018 08:10PM ET,NYY,14.61
RP,Tyler Glasnow (10630002),Tyler Glasnow,10630002,P,8000,PIT@WAS 05/02/2018 07:05PM ET,PIT,4.74
SP,James Paxton (10629522),James Paxton,10629522,P,8000,OAK@SEA 05/02/2018 10:10PM ET,SEA,16.61
SP,Mike Foltynewicz (10630003),Mike Foltynewicz,10630003,P,7900,ATL@NYM 05/02/2018 07:10PM ET,ATL,19.33
SP,Zack Wheeler (10630004),Zack Wheeler,10630004,P,7900,ATL@NYM 05/02/2018 07:10PM ET,NYM,15.38
SP,Andrew Triggs (10630005),Andrew Triggs,10630005,P,7800,OAK@SEA 05/02/2018 10:10PM ET,OAK,11.08
SP,Dylan Bundy (10629523),Dylan Bundy,10629523,P,7800,BAL@LAA 05/02/2018 10:07PM ET,BAL,20.06
SP,Tanner Roark (10630006),Tanner Roark,10630006,P,7700,PIT@WAS 05/02/2018 07:05PM ET,WAS,17.15
SP,Zack Godley (10629524),Zack Godley,10629524,P,7600,LAD@ARI 05/02/2018 09:40PM ET,ARI,17.55
SP,Sean Newcomb (10630007),Sean Newcomb,10630007,P,7600,ATL@NYM 05/02/2018 07:10PM ET,ATL,16.73
SP,Vince Velasquez (10630008),Vince Velasquez,10630008,P,7600,PHI@MIA 05/02/2018 07:10PM ET,PHI,12.52
SP,Ivan Nova (10629525),Ivan Nova,10629525,P,7300,PIT@WAS 05/02/2018 07:05PM ET,PIT,16.82
SP,Walker Buehler (10630011),Walker Buehler,10630011,P,7100,LAD@ARI 05/02/2018 09:40PM ET,LAD,18.05
SP,Chad Kuhl (10630010),Chad Kuhl,10630010,P,7100,PIT@WAS 05/02/2018 07:05PM ET,PIT,10.68
SP,Nick Pivetta (10630009),Nick Pivetta,10630009,P,7100,PHI@MIA 05/02/2018 07:10PM ET,PHI,16.48
SP,Zach Davies (10630014),Zach Davies,10630014,P,7000,MIL@CIN 05/02/2018 07:10PM ET,MIL,12.48
SP,Dallas Keuchel (10629526),Dallas Keuchel,10629526,P,7000,NYY@HOU 05/02/2018 08:10PM ET,HOU,13.88
SP,Collin McHugh (10630013),Collin McHugh,10630013,P,7000,NYY@HOU 05/02/2018 08:10PM ET,HOU,6.4
SP,Garrett Richards (10630012),Garrett Richards,10630012,P,7000,BAL@LAA 05/02/2018 10:07PM ET,LAA,15.41
SP,Brandon Woodruff (10630017),Brandon Woodruff,10630017,P,6900,MIL@CIN 05/02/2018 07:10PM ET,MIL,5.84
SP,Brent Suter (10630018),Brent Suter,10630018,P,6900,MIL@CIN 05/02/2018 07:10PM ET,MIL,7.69
SP,Sonny Gray (10630016),Sonny Gray,10630016,P,6900,NYY@HOU 05/02/2018 08:10PM ET,NYY,6.49
SP,Alex Cobb (10630015),Alex Cobb,10630015,P,6900,BAL@LAA 05/02/2018 10:07PM ET,BAL,-3.01
SP,Kevin Gausman (10630019),Kevin Gausman,10630019,P,6800,BAL@LAA 05/02/2018 10:07PM ET,BAL,14.3
SP,Taijuan Walker (10630020),Taijuan Walker,10630020,P,6700,LAD@ARI 05/02/2018 09:40PM ET,ARI,8.42
SP,Trevor Williams (10630026),Trevor Williams,10630026,P,6600,PIT@WAS 05/02/2018 07:05PM ET,PIT,16.58
SP,Junior Guerra (10630024),Junior Guerra,10630024,P,6600,MIL@CIN 05/02/2018 07:10PM ET,MIL,20.28
SP,Chase Anderson (10630025),Chase Anderson,10630025,P,6600,MIL@CIN 05/02/2018 07:10PM ET,MIL,13.8
SP,Felix Hernandez (10630021),Felix Hernandez,10630021,P,6600,OAK@SEA 05/02/2018 10:10PM ET,SEA,13.69
SP,Matt Shoemaker (10630022),Matt Shoemaker,10630022,P,6600,BAL@LAA 05/02/2018 10:07PM ET,LAA,13.95
SP,Steven Matz (10630023),Steven Matz,10630023,P,6600,ATL@NYM 05/02/2018 07:10PM ET,NYM,12.55
SP,Alex Meyer (10630027),Alex Meyer,10630027,P,6500,BAL@LAA 05/02/2018 10:07PM ET,LAA,0
SP,Julio Teheran (10629527),Julio Teheran,10629527,P,6500,ATL@NYM 05/02/2018 07:10PM ET,ATL,12.28
SP,Tyler Mahle (10630028),Tyler Mahle,10630028,P,6400,MIL@CIN 05/02/2018 07:10PM ET,CIN,14.29
SP,Mike Leake (10630029),Mike Leake,10630029,P,6400,OAK@SEA 05/02/2018 10:10PM ET,SEA,8.63
SP,Trevor Cahill (10630030),Trevor Cahill,10630030,P,6400,OAK@SEA 05/02/2018 10:10PM ET,OAK,19.9
SP,Tyler Skaggs (10630032),Tyler Skaggs,10630032,P,6300,BAL@LAA 05/02/2018 10:07PM ET,LAA,17.35
SP,Dan Straily (10630031),Dan Straily,10630031,P,6300,PHI@MIA 05/02/2018 07:10PM ET,MIA,-3
RP,Wilmer Font (10630033),Wilmer Font,10630033,P,6200,OAK@SEA 05/02/2018 10:10PM ET,OAK,0.36
SP,Jharel Cotton (10630034),Jharel Cotton,10630034,P,6200,OAK@SEA 05/02/2018 10:10PM ET,OAK,0
SP,Daniel Mengden (10630037),Daniel Mengden,10630037,P,6200,OAK@SEA 05/02/2018 10:10PM ET,OAK,11.82
SP,Jason Vargas (10630036),Jason Vargas,10630036,P,6200,ATL@NYM 05/02/2018 07:10PM ET,NYM,-6.95
SP,Jerad Eickhoff (10630035),Jerad Eickhoff,10630035,P,6200,PHI@MIA 05/02/2018 07:10PM ET,PHI,0
SP,Joe Ross (10630038),Joe Ross,10630038,P,6100,PIT@WAS 05/02/2018 07:05PM ET,WAS,0
SP,Anthony DeSclafani (10630040),Anthony DeSclafani,10630040,P,6100,MIL@CIN 05/02/2018 07:10PM ET,CIN,0
SP,Andrew Cashner (10630039),Andrew Cashner,10630039,P,6100,BAL@LAA 05/02/2018 10:07PM ET,BAL,12.98
SP,Andrew Heaney (10629528),Andrew Heaney,10629528,P,6000,BAL@LAA 05/02/2018 10:07PM ET,LAA,13.68
SP,Shelby Miller (10630042),Shelby Miller,10630042,P,5900,LAD@ARI 05/02/2018 09:40PM ET,ARI,0
SP,Erick Fedde (10630044),Erick Fedde,10630044,P,5900,PIT@WAS 05/02/2018 07:05PM ET,WAS,0
SP,Rogelio Armenteros (10630041),Rogelio Armenteros,10630041,P,5900,NYY@HOU 05/02/2018 08:10PM ET,HOU,0
SP,Hisashi Iwakuma (10630043),Hisashi Iwakuma,10630043,P,5900,OAK@SEA 05/02/2018 10:10PM ET,SEA,0
RP,Brad Peacock (10630045),Brad Peacock,10630045,P,5800,NYY@HOU 05/02/2018 08:10PM ET,HOU,4.48
SP,Luiz Gohara (10630046),Luiz Gohara,10630046,P,5700,ATL@NYM 05/02/2018 07:10PM ET,ATL,0
SP,Scott Kazmir (10630047),Scott Kazmir,10630047,P,5700,ATL@NYM 05/02/2018 07:10PM ET,ATL,0
SP,Amir Garrett (10630051),Amir Garrett,10630051,P,5600,MIL@CIN 05/02/2018 07:10PM ET,CIN,4.1
SP,A.J. Cole (10630050),A.J. Cole,10630050,P,5600,NYY@HOU 05/02/2018 08:10PM ET,NYY,1.51
SP,Ariel Miranda (10630049),Ariel Miranda,10630049,P,5600,OAK@SEA 05/02/2018 10:10PM ET,SEA,13.25
OF,Mike Trout (10629533),Mike Trout,10629533,OF,5600,BAL@LAA 05/02/2018 10:07PM ET,LAA,11.14
SP,Wei-Yin Chen (10630048),Wei-Yin Chen,10630048,P,5600,PHI@MIA 05/02/2018 07:10PM ET,MIA,15.8
SP,Homer Bailey (10630052),Homer Bailey,10630052,P,5500,MIL@CIN 05/02/2018 07:10PM ET,CIN,8.64
SP,Brandon Finnegan (10630054),Brandon Finnegan,10630054,P,5400,MIL@CIN 05/02/2018 07:10PM ET,CIN,3.5
SP,Chris Flexen (10630053),Chris Flexen,10630053,P,5400,ATL@NYM 05/02/2018 07:10PM ET,NYM,0
SP,Luis Castillo (10629529),Luis Castillo,10629529,P,5300,MIL@CIN 05/02/2018 07:10PM ET,CIN,6.28
OF,Aaron Judge (10629536),Aaron Judge,10629536,OF,5300,NYY@HOU 05/02/2018 08:10PM ET,NYY,10.62
SP,Brandon McCarthy (10630055),Brandon McCarthy,10630055,P,5300,ATL@NYM 05/02/2018 07:10PM ET,ATL,15.03
RP,Merandy Gonzalez (10630056),Merandy Gonzalez,10630056,P,5300,PHI@MIA 05/02/2018 07:10PM ET,MIA,4.05
RP,David Paulino (10630058),David Paulino,10630058,P,5200,NYY@HOU 05/02/2018 08:10PM ET,HOU,0
SP,Marco Gonzales (10630057),Marco Gonzales,10630057,P,5200,OAK@SEA 05/02/2018 10:10PM ET,SEA,13.65
SP,Marcos Molina (10630059),Marcos Molina,10630059,P,5200,ATL@NYM 05/02/2018 07:10PM ET,NYM,0
OF,Rhys Hoskins (10629535),Rhys Hoskins,10629535,OF,5200,PHI@MIA 05/02/2018 07:10PM ET,PHI,9.34
OF,Bryce Harper (10629534),Bryce Harper,10629534,OF,5100,PIT@WAS 05/02/2018 07:05PM ET,WAS,10.7
SP,Sal Romano (10630062),Sal Romano,10630062,P,5100,MIL@CIN 05/02/2018 07:10PM ET,CIN,8.12
SP,Jhoulys Chacin (10630063),Jhoulys Chacin,10630063,P,5100,MIL@CIN 05/02/2018 07:10PM ET,MIL,8.02
SP,Rookie Davis (10630067),Rookie Davis,10630067,P,5100,MIL@CIN 05/02/2018 07:10PM ET,CIN,0
SP,Justin Nicolino (10630068),Justin Nicolino,10630068,P,5100,MIL@CIN 05/02/2018 07:10PM ET,CIN,0
SP,Chance Adams (10630060),Chance Adams,10630060,P,5100,NYY@HOU 05/02/2018 08:10PM ET,NYY,0
RP,Rob Whalen (10630064),Rob Whalen,10630064,P,5100,OAK@SEA 05/02/2018 10:10PM ET,SEA,0
SP,Andrew Albers (10630066),Andrew Albers,10630066,P,5100,OAK@SEA 05/02/2018 10:10PM ET,SEA,0
SP,Chase De Jong (10630069),Chase De Jong,10630069,P,5100,OAK@SEA 05/02/2018 10:10PM ET,SEA,0
SP,Anibal Sanchez (10630061),Anibal Sanchez,10630061,P,5100,ATL@NYM 05/02/2018 07:10PM ET,ATL,16.23
SP,Aaron Blair (10630065),Aaron Blair,10630065,P,5100,ATL@NYM 05/02/2018 07:10PM ET,ATL,0
RP,Grant Dayton (10630070),Grant Dayton,10630070,P,5100,ATL@NYM 05/02/2018 07:10PM ET,ATL,0
OF,A.J. Pollock (10629537),A.J. Pollock,10629537,OF,5000,LAD@ARI 05/02/2018 09:40PM ET,ARI,12.07
RP,Aaron Wilkerson (10630072),Aaron Wilkerson,10630072,P,5000,MIL@CIN 05/02/2018 07:10PM ET,MIL,0
RP,Nick Tropeano (10630071),Nick Tropeano,10630071,P,5000,BAL@LAA 05/02/2018 10:07PM ET,LAA,15.61
RP,JC Ramirez (10630073),JC Ramirez,10630073,P,5000,BAL@LAA 05/02/2018 10:07PM ET,LAA,0.3
SP,Dillon Peters (10630074),Dillon Peters,10630074,P,5000,PHI@MIA 05/02/2018 07:10PM ET,MIA,7.9
SP,Julio Urias (10630078),Julio Urias,10630078,P,4900,LAD@ARI 05/02/2018 09:40PM ET,LAD,0
SP,Mitch Keller (10630076),Mitch Keller,10630076,P,4900,PIT@WAS 05/02/2018 07:05PM ET,PIT,0
SP,Luis Escobar (10630077),Luis Escobar,10630077,P,4900,PIT@WAS 05/02/2018 07:05PM ET,PIT,0
SP,Wade Miley (10629530),Wade Miley,10629530,P,4900,MIL@CIN 05/02/2018 07:10PM ET,MIL,0
SS,Didi Gregorius (10629541),Didi Gregorius,10629541,SS,4900,NYY@HOU 05/02/2018 08:10PM ET,NYY,12.17
RP,Luis Cessa (10630080),Luis Cessa,10630080,P,4900,NYY@HOU 05/02/2018 08:10PM ET,NYY,4.2
OF,Mitch Haniger (10629542),Mitch Haniger,10629542,OF,4900,OAK@SEA 05/02/2018 10:10PM ET,SEA,10.71
SP,A.J. Puk (10630075),A.J. Puk,10630075,P,4900,OAK@SEA 05/02/2018 10:10PM ET,OAK,0
SS,Manny Machado (10629539),Manny Machado,10629539,SS,4900,BAL@LAA 05/02/2018 10:07PM ET,BAL,11.17
SP,Matt Harvey (10630079),Matt Harvey,10630079,P,4900,ATL@NYM 05/02/2018 07:10PM ET,NYM,5.72
SP,Rubby De La Rosa (10630081),Rubby De La Rosa,10630081,P,4800,LAD@ARI 05/02/2018 09:40PM ET,ARI,0
SP,Cody Reed (10630083),Cody Reed,10630083,P,4800,MIL@CIN 05/02/2018 07:10PM ET,CIN,3.91
2B,Jose Altuve (10629538),Jose Altuve,10629538,2B,4800,NYY@HOU 05/02/2018 08:10PM ET,HOU,7.84
OF,Giancarlo Stanton (10629544),Giancarlo Stanton,10629544,OF,4800,NYY@HOU 05/02/2018 08:10PM ET,NYY,7.97
RP,Seth Lugo (10630082),Seth Lugo,10630082,P,4800,ATL@NYM 05/02/2018 07:10PM ET,NYM,4.44
1B,Eric Thames (10629545),Eric Thames,10629545,1B,4700,MIL@CIN 05/02/2018 07:10PM ET,MIL,8.23
1B/OF,Ryan Braun (10629549),Ryan Braun,10629549,1B/OF,4700,MIL@CIN 05/02/2018 07:10PM ET,MIL,7.64
SS,Carlos Correa (10629540),Carlos Correa,10629540,SS,4700,NYY@HOU 05/02/2018 08:10PM ET,HOU,9.07
SP,Forrest Whitley (10630084),Forrest Whitley,10630084,P,4700,NYY@HOU 05/02/2018 08:10PM ET,HOU,0
SP,Taylor Clarke (10630086),Taylor Clarke,10630086,P,4600,LAD@ARI 05/02/2018 09:40PM ET,ARI,0
SP,Tom Koehler (10630087),Tom Koehler,10630087,P,4600,LAD@ARI 05/02/2018 09:40PM ET,LAD,0
SP,Yadier Alvarez (10630088),Yadier Alvarez,10630088,P,4600,LAD@ARI 05/02/2018 09:40PM ET,LAD,0
SP,Jeremy Hellickson (10630089),Jeremy Hellickson,10630089,P,4600,PIT@WAS 05/02/2018 07:05PM ET,WAS,9.03
1B,Joey Votto (10629546),Joey Votto,10629546,1B,4600,MIL@CIN 05/02/2018 07:10PM ET,CIN,7.59
OF,George Springer (10629543),George Springer,10629543,OF,4600,NYY@HOU 05/02/2018 08:10PM ET,HOU,8.81
C,Gary Sanchez (10629547),Gary Sanchez,10629547,C,4600,NYY@HOU 05/02/2018 08:10PM ET,NYY,9.62
SP,Justus Sheffield (10630085),Justus Sheffield,10630085,P,4600,NYY@HOU 05/02/2018 08:10PM ET,NYY,0
SP,Kendall Graveman (10630090),Kendall Graveman,10630090,P,4600,OAK@SEA 05/02/2018 10:10PM ET,OAK,3.66
SP,Matt Wisler (10630091),Matt Wisler,10630091,P,4600,ATL@NYM 05/02/2018 07:10PM ET,ATL,14.3
1B,Paul Goldschmidt (10629552),Paul Goldschmidt,10629552,1B,4500,LAD@ARI 05/02/2018 09:40PM ET,ARI,8.52
SP,Brock Stewart (10630097),Brock Stewart,10630097,P,4500,LAD@ARI 05/02/2018 09:40PM ET,LAD,5.35
OF,Lorenzo Cain (10629553),Lorenzo Cain,10629553,OF,4500,MIL@CIN 05/02/2018 07:10PM ET,MIL,9.14
3B,Eugenio Suarez (10629554),Eugenio Suarez,10629554,3B,4500,MIL@CIN 05/02/2018 07:10PM ET,CIN,10.79
RP,Alec Asher (10630098),Alec Asher,10630098,P,4500,MIL@CIN 05/02/2018 07:10PM ET,MIL,0
SP,Grant Holmes (10630093),Grant Holmes,10630093,P,4500,OAK@SEA 05/02/2018 10:10PM ET,OAK,0
RP,Erasmo Ramirez (10630099),Erasmo Ramirez,10630099,P,4500,OAK@SEA 05/02/2018 10:10PM ET,SEA,1.08
OF,Shohei Ohtani (10629551),Shohei Ohtani,10629551,OF,4500,BAL@LAA 05/02/2018 10:07PM ET,LAA,4.23
SP,John Lamb (10630094),John Lamb,10630094,P,4500,BAL@LAA 05/02/2018 10:07PM ET,LAA,0
RP,Rafael Montero (10630095),Rafael Montero,10630095,P,4500,ATL@NYM 05/02/2018 07:10PM ET,NYM,0
SP,A.J. Griffin (10630096),A.J. Griffin,10630096,P,4500,ATL@NYM 05/02/2018 07:10PM ET,NYM,0
SP,Caleb Smith (10630092),Caleb Smith,10630092,P,4500,PHI@MIA 05/02/2018 07:10PM ET,MIA,16.82
SS,Trea Turner (10629555),Trea Turner,10629555,SS,4400,PIT@WAS 05/02/2018 07:05PM ET,WAS,9.2
SP,Nick Kingham (10630100),Nick Kingham,10630100,P,4400,PIT@WAS 05/02/2018 07:05PM ET,PIT,37.15
OF,Scott Schebler (10629556),Scott Schebler,10629556,OF,4400,MIL@CIN 05/02/2018 07:10PM ET,CIN,9
SS,Jean Segura (10629557),Jean Segura,10629557,SS,4400,OAK@SEA 05/02/2018 10:10PM ET,SEA,9.5
OF,Nelson Cruz (10629558),Nelson Cruz,10629558,OF,4400,OAK@SEA 05/02/2018 10:10PM ET,SEA,8.68
SP,Chris Tillman (10630103),Chris Tillman,10630103,P,4400,BAL@LAA 05/02/2018 10:07PM ET,BAL,3.83
1B,Freddie Freeman (10629548),Freddie Freeman,10629548,1B,4400,ATL@NYM 05/02/2018 07:10PM ET,ATL,10.61
RP,Robert Gsellman (10630101),Robert Gsellman,10630101,P,4400,ATL@NYM 05/02/2018 07:10PM ET,NYM,5.10
SP,Adam Conley (10630102),Adam Conley,10630102,P,4400,PHI@MIA 05/02/2018 07:10PM ET,MIA,0
SP,Braden Shipley (10630107),Braden Shipley,10630107,P,4300,LAD@ARI 05/02/2018 09:40PM ET,ARI,0
OF,Christian Yelich (10629560),Christian Yelich,10629560,OF,4300,MIL@CIN 05/02/2018 07:10PM ET,MIL,8.10
SP,Corbin Burnes (10630104),Corbin Burnes,10630104,P,4300,MIL@CIN 05/02/2018 07:10PM ET,MIL,0
SP,Daniel Gossett (10630105),Daniel Gossett,10630105,P,4300,OAK@SEA 05/02/2018 10:10PM ET,OAK,-2.25
SP,Jeff Locke (10630106),Jeff Locke,10630106,P,4300,PHI@MIA 05/02/2018 07:10PM ET,MIA,0
1B,Cody Bellinger (10629561),Cody Bellinger,10629561,1B,4200,LAD@ARI 05/02/2018 09:40PM ET,LAD,8.10
RP,Steven Brault (10630108),Steven Brault,10630108,P,4200,PIT@WAS 05/02/2018 07:05PM ET,PIT,7.52
SP,Joe Musgrove (10630110),Joe Musgrove,10630110,P,4200,PIT@WAS 05/02/2018 07:05PM ET,PIT,0
SP,Austin Voth (10630112),Austin Voth,10630112,P,4200,PIT@WAS 05/02/2018 07:05PM ET,WAS,0
3B,Travis Shaw (10629562),Travis Shaw,10629562,3B,4200,MIL@CIN 05/02/2018 07:10PM ET,MIL,7.97
RP,Brady Rodgers (10630111),Brady Rodgers,10630111,P,4200,NYY@HOU 05/02/2018 08:10PM ET,HOU,0
SP,Brett Anderson (10629531),Brett Anderson,10629531,P,4200,OAK@SEA 05/02/2018 10:10PM ET,OAK,0
OF,Dee Gordon (10629563),Dee Gordon,10629563,OF,4200,OAK@SEA 05/02/2018 10:10PM ET,SEA,9.39
2B,Ozzie Albies (10629559),Ozzie Albies,10629559,2B,4200,ATL@NYM 05/02/2018 07:10PM ET,ATL,11.79
SP,Clay Buchholz (10630109),Clay Buchholz,10630109,P,4200,PHI@MIA 05/02/2018 07:10PM ET,PHI,0
3B,Jake Lamb (10629565),Jake Lamb,10629565,3B,4100,LAD@ARI 05/02/2018 09:40PM ET,ARI,8.75
1B,Tyler Austin (10629564),Tyler Austin,10629564,1B,4100,NYY@HOU 05/02/2018 08:10PM ET,NYY,9.78
2B,Jed Lowrie (10629568),Jed Lowrie,10629568,2B,4100,OAK@SEA 05/02/2018 10:10PM ET,OAK,10.21
SP,Jose Urena (10629532),Jose Urena,10629532,P,4100,PHI@MIA 05/02/2018 07:10PM ET,MIA,10.34
C,J.T. Realmuto (10629567),J.T. Realmuto,10629567,C,4100,PHI@MIA 05/02/2018 07:10PM ET,MIA,10.58
OF,Odubel Herrera (10629569),Odubel Herrera,10629569,OF,4100,PHI@MIA 05/02/2018 07:10PM ET,PHI,8
OF,Joc Pederson (10629570),Joc Pederson,10629570,OF,4000,LAD@ARI 05/02/2018 09:40PM ET,LAD,5.81
OF,David Peralta (10629571),David Peralta,10629571,OF,4000,LAD@ARI 05/02/2018 09:40PM ET,ARI,9.32
3B,Justin Turner (10629576),Justin Turner,10629576,3B,4000,LAD@ARI 05/02/2018 09:40PM ET,LAD,0
RP,Jesen Therrien (10630125),Jesen Therrien,10630125,P,4000,LAD@ARI 05/02/2018 09:40PM ET,LAD,0
RP,Adam Liberatore (10630126),Adam Liberatore,10630126,P,4000,LAD@ARI 05/02/2018 09:40PM ET,LAD,2.24
RP,JT Chargois (10630127),JT Chargois,10630127,P,4000,LAD@ARI 05/02/2018 09:40PM ET,LAD,3.52
RP,Tony Cingrani (10630128),Tony Cingrani,10630128,P,4000,LAD@ARI 05/02/2018 09:40PM ET,LAD,2.66
RP,Ross Stripling (10630129),Ross Stripling,10630129,P,4000,LAD@ARI 05/02/2018 09:40PM ET,LAD,4.64
RP,Daniel Hudson (10630130),Daniel Hudson,10630130,P,4000,LAD@ARI 05/02/2018 09:40PM ET,LAD,-0.29
RP,Pedro Baez (10630131),Pedro Baez,10630131,P,4000,LAD@ARI 05/02/2018 09:40PM ET,LAD,2.8
RP,Josh Fields (10630132),Josh Fields,10630132,P,4000,LAD@ARI 05/02/2018 09:40PM ET,LAD,3.73
RP,Kenley Jansen (10630133),Kenley Jansen,10630133,P,4000,LAD@ARI 05/02/2018 09:40PM ET,LAD,2.53
SP,Jordan Sheffield (10630134),Jordan Sheffield,10630134,P,4000,LAD@ARI 05/02/2018 09:40PM ET,LAD,0
SP,Dustin May (10630135),Dustin May,10630135,P,4000,LAD@ARI 05/02/2018 09:40PM ET,LAD,0
SP,Jon Duplantier (10630136),Jon Duplantier,10630136,P,4000,LAD@ARI 05/02/2018 09:40PM ET,ARI,0
SP,Matt Koch (10630137),Matt Koch,10630137,P,4000,LAD@ARI 05/02/2018 09:40PM ET,ARI,13.19
SP,Daniel Gibson (10630138),Daniel Gibson,10630138,P,4000,LAD@ARI 05/02/2018 09:40PM ET,ARI,0
RP,Tyler Pill (10630139),Tyler Pill,10630139,P,4000,LAD@ARI 05/02/2018 09:40PM ET,ARI,0
RP,Andrew Chafin (10630140),Andrew Chafin,10630140,P,4000,LAD@ARI 05/02/2018 09:40PM ET,ARI,2.89
RP,Archie Bradley (10630141),Archie Bradley,10630141,P,4000,LAD@ARI 05/02/2018 09:40PM ET,ARI,3.82
RP,Steve Hathaway (10630142),Steve Hathaway,10630142,P,4000,LAD@ARI 05/02/2018 09:40PM ET,ARI,0
SP,Alex Young (10630143),Alex Young,10630143,P,4000,LAD@ARI 05/02/2018 09:40PM ET,ARI,0
RP,Silvino Bracho (10630144),Silvino Bracho,10630144,P,4000,LAD@ARI 05/02/2018 09:40PM ET,ARI,11.7
RP,Randall Delgado (10630145),Randall Delgado,10630145,P,4000,LAD@ARI 05/02/2018 09:40PM ET,ARI,0
RP,Michael Blazek (10630146),Michael Blazek,10630146,P,4000,LAD@ARI 05/02/2018 09:40PM ET,ARI,0
RP,T.J. McFarland (10630147),T.J. McFarland,10630147,P,4000,LAD@ARI 05/02/2018 09:40PM ET,ARI,4.65
SP,Jorge De La Rosa (10630148),Jorge De La Rosa,10630148,P,4000,LAD@ARI 05/02/2018 09:40PM ET,ARI,1.79
RP,Yoshihisa Hirano (10630149),Yoshihisa Hirano,10630149,P,4000,LAD@ARI 05/02/2018 09:40PM ET,ARI,3.61
RP,Neftali Feliz (10630150),Neftali Feliz,10630150,P,4000,LAD@ARI 05/02/2018 09:40PM ET,ARI,0
RP,Fernando Salas (10630151),Fernando Salas,10630151,P,4000,LAD@ARI 05/02/2018 09:40PM ET,ARI,4.1
RP,Brad Boxberger (10630152),Brad Boxberger,10630152,P,4000,LAD@ARI 05/02/2018 09:40PM ET,ARI,3.18
SP,Kris Medlen (10630153),Kris Medlen,10630153,P,4000,LAD@ARI 05/02/2018 09:40PM ET,ARI,0
OF,Adam Eaton (10629572),Adam Eaton,10629572,OF,4000,PIT@WAS 05/02/2018 07:05PM ET,WAS,11
2B/3B,Daniel Murphy (10629573),Daniel Murphy,10629573,2B/3B,4000,PIT@WAS 05/02/2018 07:05PM ET,WAS,0
RP,Carlos Torres (10630154),Carlos Torres,10630154,P,4000,PIT@WAS 05/02/2018 07:05PM ET,WAS,1.66
RP,Brandon Kintzler (10630155),Brandon Kintzler,10630155,P,4000,PIT@WAS 05/02/2018 07:05PM ET,WAS,2.46
RP,Ryan Madson (10630156),Ryan Madson,10630156,P,4000,PIT@WAS 05/02/2018 07:05PM ET,WAS,1.54
RP,Joaquin Benoit (10630157),Joaquin Benoit,10630157,P,4000,PIT@WAS 05/02/2018 07:05PM ET,WAS,0
SP,Edwin Jackson (10630158),Edwin Jackson,10630158,P,4000,PIT@WAS 05/02/2018 07:05PM ET,WAS,0
RP,Aaron Barrett (10630159),Aaron Barrett,10630159,P,4000,PIT@WAS 05/02/2018 07:05PM ET,WAS,0
RP,Sean Doolittle (10630160),Sean Doolittle,10630160,P,4000,PIT@WAS 05/02/2018 07:05PM ET,WAS,4.80
RP,Sammy Solis (10630161),Sammy Solis,10630161,P,4000,PIT@WAS 05/02/2018 07:05PM ET,WAS,2.54
RP,Shawn Kelley (10630162),Shawn Kelley,10630162,P,4000,PIT@WAS 05/02/2018 07:05PM ET,WAS,2.74
SP,Tommy Milone (10630163),Tommy Milone,10630163,P,4000,PIT@WAS 05/02/2018 07:05PM ET,WAS,0
RP,Tim Collins (10630164),Tim Collins,10630164,P,4000,PIT@WAS 05/02/2018 07:05PM ET,WAS,0
RP,Trevor Gott (10630165),Trevor Gott,10630165,P,4000,PIT@WAS 05/02/2018 07:05PM ET,WAS,2.11
RP,Wander Suero (10630166),Wander Suero,10630166,P,4000,PIT@WAS 05/02/2018 07:05PM ET,WAS,0.3
RP,Matt Grace (10630167),Matt Grace,10630167,P,4000,PIT@WAS 05/02/2018 07:05PM ET,WAS,2.54
SP,Wil Crowe (10630168),Wil Crowe,10630168,P,4000,PIT@WAS 05/02/2018 07:05PM ET,WAS,0
RP,Koda Glover (10630169),Koda Glover,10630169,P,4000,PIT@WAS 05/02/2018 07:05PM ET,WAS,0
SP,Seth Romero (10630170),Seth Romero,10630170,P,4000,PIT@WAS 05/02/2018 07:05PM ET,WAS,0
RP,Kyle Crick (10630171),Kyle Crick,10630171,P,4000,PIT@WAS 05/02/2018 07:05PM ET,PIT,3.58
SP,Clay Holmes (10630172),Clay Holmes,10630172,P,4000,PIT@WAS 05/02/2018 07:05PM ET,PIT,4.1
RP,Nick Burdi (10630173),Nick Burdi,10630173,P,4000,PIT@WAS 05/02/2018 07:05PM ET,PIT,0
SP,Taylor Hearn (10630174),Taylor Hearn,10630174,P,4000,PIT@WAS 05/02/2018 07:05PM ET,PIT,0
RP,Michael Feliz (10630175),Michael Feliz,10630175,P,4000,PIT@WAS 05/02/2018 07:05PM ET,PIT,2.71
RP,Richard Rodriguez (10630176),Richard Rodriguez,10630176,P,4000,PIT@WAS 05/02/2018 07:05PM ET,PIT,6.14
RP,A.J. Schugel (10630177),A.J. Schugel,10630177,P,4000,PIT@WAS 05/02/2018 07:05PM ET,PIT,0
RP,Enny Romero (10630178),Enny Romero,10630178,P,4000,PIT@WAS 05/02/2018 07:05PM ET,PIT,1.82
RP,Felipe Vazquez (10630179),Felipe Vazquez,10630179,P,4000,PIT@WAS 05/02/2018 07:05PM ET,PIT,2.99
RP,Bo Schultz (10630180),Bo Schultz,10630180,P,4000,PIT@WAS 05/02/2018 07:05PM ET,PIT,0
SP,Nik Turley (10630181),Nik Turley,10630181,P,4000,PIT@WAS 05/02/2018 07:05PM ET,PIT,0
RP,George Kontos (10630182),George Kontos,10630182,P,4000,PIT@WAS 05/02/2018 07:05PM ET,PIT,1.62
RP,Edgar Santana (10630183),Edgar Santana,10630183,P,4000,PIT@WAS 05/02/2018 07:05PM ET,PIT,2.72
SP,Shane Baz (10630184),Shane Baz,10630184,P,4000,PIT@WAS 05/02/2018 07:05PM ET,PIT,0
RP,Jackson Stephens (10630120),Jackson Stephens,10630120,P,4000,MIL@CIN 05/02/2018 07:10PM ET,CIN,-2.15
RP,Dan Jennings (10630185),Dan Jennings,10630185,P,4000,MIL@CIN 05/02/2018 07:10PM ET,MIL,2.59
RP,Oliver Drake (10630186),Oliver Drake,10630186,P,4000,MIL@CIN 05/02/2018 07:10PM ET,MIL,2.84
RP,Boone Logan (10630187),Boone Logan,10630187,P,4000,MIL@CIN 05/02/2018 07:10PM ET,MIL,0
RP,Matt Albers (10630188),Matt Albers,10630188,P,4000,MIL@CIN 05/02/2018 07:10PM ET,MIL,3.96
RP,Jeremy Jeffress (10630189),Jeremy Jeffress,10630189,P,4000,MIL@CIN 05/02/2018 07:10PM ET,MIL,3.79
SP,Josh Hader (10630190),Josh Hader,10630190,P,4000,MIL@CIN 05/02/2018 07:10PM ET,MIL,9.92
RP,Jacob Barnes (10630191),Jacob Barnes,10630191,P,4000,MIL@CIN 05/02/2018 07:10PM ET,MIL,3.68
SP,Cody Ponce (10630192),Cody Ponce,10630192,P,4000,MIL@CIN 05/02/2018 07:10PM ET,MIL,0
SP,Nathan Kirby (10630193),Nathan Kirby,10630193,P,4000,MIL@CIN 05/02/2018 07:10PM ET,MIL,0
SP,Luis Ortiz (10630194),Luis Ortiz,10630194,P,4000,MIL@CIN 05/02/2018 07:10PM ET,MIL,0
SP,Kodi Medeiros (10630195),Kodi Medeiros,10630195,P,4000,MIL@CIN 05/02/2018 07:10PM ET,MIL,0
SP,Marcos Diplan (10630196),Marcos Diplan,10630196,P,4000,MIL@CIN 05/02/2018 07:10PM ET,MIL,0
SP,Phil Bickford (10630197),Phil Bickford,10630197,P,4000,MIL@CIN 05/02/2018 07:10PM ET,MIL,0
RP,Corey Knebel (10630198),Corey Knebel,10630198,P,4000,MIL@CIN 05/02/2018 07:10PM ET,MIL,2.53
RP,Taylor Williams (10630199),Taylor Williams,10630199,P,4000,MIL@CIN 05/02/2018 07:10PM ET,MIL,5.15
RP,Robert Stephenson (10630200),Robert Stephenson,10630200,P,4000,MIL@CIN 05/02/2018 07:10PM ET,CIN,0
RP,Kevin Shackelford (10630201),Kevin Shackelford,10630201,P,4000,MIL@CIN 05/02/2018 07:10PM ET,CIN,-0.88
RP,Wandy Peralta (10630202),Wandy Peralta,10630202,P,4000,MIL@CIN 05/02/2018 07:10PM ET,CIN,2.03
RP,Michael Lorenzen (10630203),Michael Lorenzen,10630203,P,4000,MIL@CIN 05/02/2018 07:10PM ET,CIN,0
RP,Austin Brice (10630204),Austin Brice,10630204,P,4000,MIL@CIN 05/02/2018 07:10PM ET,CIN,3.5
RP,Dylan Floro (10630205),Dylan Floro,10630205,P,4000,MIL@CIN 05/02/2018 07:10PM ET,CIN,5.41
SP,Vance Worley (10630206),Vance Worley,10630206,P,4000,MIL@CIN 05/02/2018 07:10PM ET,CIN,0
RP,David Hernandez (10630207),David Hernandez,10630207,P,4000,MIL@CIN 05/02/2018 07:10PM ET,CIN,3.97
RP,Jared Hughes (10630208),Jared Hughes,10630208,P,4000,MIL@CIN 05/02/2018 07:10PM ET,CIN,3.28
SP,Nick Howard (10630209),Nick Howard,10630209,P,4000,MIL@CIN 05/02/2018 07:10PM ET,CIN,0
SP,Daniel Wright (10630210),Daniel Wright,10630210,P,4000,MIL@CIN 05/02/2018 07:10PM ET,CIN,0
SP,Tony Santillan (10630211),Tony Santillan,10630211,P,4000,MIL@CIN 05/02/2018 07:10PM ET,CIN,0
SP,Vladimir Gutierrez (10630212),Vladimir Gutierrez,10630212,P,4000,MIL@CIN 05/02/2018 07:10PM ET,CIN,0
RP,Raisel Iglesias (10630213),Raisel Iglesias,10630213,P,4000,MIL@CIN 05/02/2018 07:10PM ET,CIN,3.94
SP,Hunter Greene (10630214),Hunter Greene,10630214,P,4000,MIL@CIN 05/02/2018 07:10PM ET,CIN,0
RP,Domingo Acevedo (10630114),Domingo Acevedo,10630114,P,4000,NYY@HOU 05/02/2018 08:10PM ET,NYY,0
RP,Domingo German (10630116),Domingo German,10630116,P,4000,NYY@HOU 05/02/2018 08:10PM ET,NYY,8.73
RP,Aroldis Chapman (10630215),Aroldis Chapman,10630215,P,4000,NYY@HOU 05/02/2018 08:10PM ET,NYY,5.13
RP,Tommy Kahnle (10630216),Tommy Kahnle,10630216,P,4000,NYY@HOU 05/02/2018 08:10PM ET,NYY,3.55
RP,Chasen Shreve (10630217),Chasen Shreve,10630217,P,4000,NYY@HOU 05/02/2018 08:10PM ET,NYY,4.83
SP,Chad Green (10630218),Chad Green,10630218,P,4000,NYY@HOU 05/02/2018 08:10PM ET,NYY,5.42
RP,Branden Pinder (10630219),Branden Pinder,10630219,P,4000,NYY@HOU 05/02/2018 08:10PM ET,NYY,0
RP,Jonathan Holder (10630220),Jonathan Holder,10630220,P,4000,NYY@HOU 05/02/2018 08:10PM ET,NYY,2.26
RP,Giovanny Gallegos (10630221),Giovanny Gallegos,10630221,P,4000,NYY@HOU 05/02/2018 08:10PM ET,NYY,0
SP,Jonathon Niese (10630222),Jonathon Niese,10630222,P,4000,NYY@HOU 05/02/2018 08:10PM ET,NYY,0
RP,Dellin Betances (10630223),Dellin Betances,10630223,P,4000,NYY@HOU 05/02/2018 08:10PM ET,NYY,4.52
RP,David Robertson (10630224),David Robertson,10630224,P,4000,NYY@HOU 05/02/2018 08:10PM ET,NYY,4.22
RP,Adam Warren (10630225),Adam Warren,10630225,P,4000,NYY@HOU 05/02/2018 08:10PM ET,NYY,3.29
SP,Albert Abreu (10630226),Albert Abreu,10630226,P,4000,NYY@HOU 05/02/2018 08:10PM ET,NYY,0
RP,Ben Heller (10630227),Ben Heller,10630227,P,4000,NYY@HOU 05/02/2018 08:10PM ET,NYY,0
SP,Freicer Perez (10630228),Freicer Perez,10630228,P,4000,NYY@HOU 05/02/2018 08:10PM ET,NYY,0
SP,Clarke Schmidt (10630229),Clarke Schmidt,10630229,P,4000,NYY@HOU 05/02/2018 08:10PM ET,NYY,0
RP,Ken Giles (10630230),Ken Giles,10630230,P,4000,NYY@HOU 05/02/2018 08:10PM ET,HOU,1.77
RP,Jandel Gustave (10630231),Jandel Gustave,10630231,P,4000,NYY@HOU 05/02/2018 08:10PM ET,HOU,0
RP,Chris Devenski (10630232),Chris Devenski,10630232,P,4000,NYY@HOU 05/02/2018 08:10PM ET,HOU,3.94
RP,Tony Sipp (10630233),Tony Sipp,10630233,P,4000,NYY@HOU 05/02/2018 08:10PM ET,HOU,2.07
RP,Hector Rondon (10630234),Hector Rondon,10630234,P,4000,NYY@HOU 05/02/2018 08:10PM ET,HOU,3.28
RP,Will Harris (10630235),Will Harris,10630235,P,4000,NYY@HOU 05/02/2018 08:10PM ET,HOU,3.01
RP,Joe Smith (10630236),Joe Smith,10630236,P,4000,NYY@HOU 05/02/2018 08:10PM ET,HOU,1.4
SP,Cionel Perez (10630237),Cionel Perez,10630237,P,4000,NYY@HOU 05/02/2018 08:10PM ET,HOU,0
SP,Franklin Perez (10630238),Franklin Perez,10630238,P,4000,NYY@HOU 05/02/2018 08:10PM ET,HOU,0
SP,J.B. Bukauskas (10630239),J.B. Bukauskas,10630239,P,4000,NYY@HOU 05/02/2018 08:10PM ET,HOU,0
RP,Francis Martes (10630240),Francis Martes,10630240,P,4000,NYY@HOU 05/02/2018 08:10PM ET,HOU,0
OF,Khris Davis (10629577),Khris Davis,10629577,OF,4000,OAK@SEA 05/02/2018 10:10PM ET,OAK,8.38
2B,Robinson Cano (10629578),Robinson Cano,10629578,2B,4000,OAK@SEA 05/02/2018 10:10PM ET,SEA,8.18
RP,Andrew Moore (10630121),Andrew Moore,10630121,P,4000,OAK@SEA 05/02/2018 10:10PM ET,SEA,0
RP,Ryan Dull (10630241),Ryan Dull,10630241,P,4000,OAK@SEA 05/02/2018 10:10PM ET,OAK,2.85
SP,Paul Blackburn (10630242),Paul Blackburn,10630242,P,4000,OAK@SEA 05/02/2018 10:10PM ET,OAK,0
RP,Blake Treinen (10630243),Blake Treinen,10630243,P,4000,OAK@SEA 05/02/2018 10:10PM ET,OAK,5.75
SP,Raul Alcantara (10630244),Raul Alcantara,10630244,P,4000,OAK@SEA 05/02/2018 10:10PM ET,OAK,0
RP,Liam Hendriks (10630245),Liam Hendriks,10630245,P,4000,OAK@SEA 05/02/2018 10:10PM ET,OAK,-0.54
RP,Danny Coulombe (10630246),Danny Coulombe,10630246,P,4000,OAK@SEA 05/02/2018 10:10PM ET,OAK,1.32
RP,Chris Hatcher (10630247),Chris Hatcher,10630247,P,4000,OAK@SEA 05/02/2018 10:10PM ET,OAK,1.08
RP,Ryan Buchter (10630248),Ryan Buchter,10630248,P,4000,OAK@SEA 05/02/2018 10:10PM ET,OAK,2.89
RP,Santiago Casilla (10630249),Santiago Casilla,10630249,P,4000,OAK@SEA 05/02/2018 10:10PM ET,OAK,4.14
RP,Chris Smith (10630250),Chris Smith,10630250,P,4000,OAK@SEA 05/02/2018 10:10PM ET,OAK,0
RP,Yusmeiro Petit (10630251),Yusmeiro Petit,10630251,P,4000,OAK@SEA 05/02/2018 10:10PM ET,OAK,2.55
SP,Norge Ruiz (10630252),Norge Ruiz,10630252,P,4000,OAK@SEA 05/02/2018 10:10PM ET,OAK,0
RP,Emilio Pagan (10630253),Emilio Pagan,10630253,P,4000,OAK@SEA 05/02/2018 10:10PM ET,OAK,0.98
RP,Lou Trivino (10630254),Lou Trivino,10630254,P,4000,OAK@SEA 05/02/2018 10:10PM ET,OAK,6.47
SP,Dakota Chalmers (10630255),Dakota Chalmers,10630255,P,4000,OAK@SEA 05/02/2018 10:10PM ET,OAK,0
SP,Jesus Luzardo (10630256),Jesus Luzardo,10630256,P,4000,OAK@SEA 05/02/2018 10:10PM ET,OAK,0
RP,Ryan Cook (10630257),Ryan Cook,10630257,P,4000,OAK@SEA 05/02/2018 10:10PM ET,SEA,0
RP,Nick Vincent (10630258),Nick Vincent,10630258,P,4000,OAK@SEA 05/02/2018 10:10PM ET,SEA,2.24
RP,Juan Nicasio (10630259),Juan Nicasio,10630259,P,4000,OAK@SEA 05/02/2018 10:10PM ET,SEA,3.74
RP,Marc Rzepczynski (10630260),Marc Rzepczynski,10630260,P,4000,OAK@SEA 05/02/2018 10:10PM ET,SEA,0.42
RP,David Phelps (10630261),David Phelps,10630261,P,4000,OAK@SEA 05/02/2018 10:10PM ET,SEA,0
RP,Wade LeBlanc (10630262),Wade LeBlanc,10630262,P,4000,OAK@SEA 05/02/2018 10:10PM ET,SEA,5.75
RP,Edwin Diaz (10630263),Edwin Diaz,10630263,P,4000,OAK@SEA 05/02/2018 10:10PM ET,SEA,5.47
RP,Nick Rumbelow (10630264),Nick Rumbelow,10630264,P,4000,OAK@SEA 05/02/2018 10:10PM ET,SEA,0
RP,Chasen Bradford (10630265),Chasen Bradford,10630265,P,4000,OAK@SEA 05/02/2018 10:10PM ET,SEA,5.06
RP,Tony Zych (10630266),Tony Zych,10630266,P,4000,OAK@SEA 05/02/2018 10:10PM ET,SEA,0
RP,Christian Bergman (10630267),Christian Bergman,10630267,P,4000,OAK@SEA 05/02/2018 10:10PM ET,SEA,0
RP,Casey Lawrence (10630268),Casey Lawrence,10630268,P,4000,OAK@SEA 05/02/2018 10:10PM ET,SEA,0.78
RP,James Pazos (10630269),James Pazos,10630269,P,4000,OAK@SEA 05/02/2018 10:10PM ET,SEA,4.31
RP,Dan Altavilla (10630270),Dan Altavilla,10630270,P,4000,OAK@SEA 05/02/2018 10:10PM ET,SEA,3.46
SP,Keegan Akin (10630124),Keegan Akin,10630124,P,4000,BAL@LAA 05/02/2018 10:07PM ET,BAL,0
SP,Cody Sedlock (10630271),Cody Sedlock,10630271,P,4000,BAL@LAA 05/02/2018 10:07PM ET,BAL,0
RP,Tanner Scott (10630272),Tanner Scott,10630272,P,4000,BAL@LAA 05/02/2018 10:07PM ET,BAL,3.43
RP,David Hess (10630273),David Hess,10630273,P,4000,BAL@LAA 05/02/2018 10:07PM ET,BAL,0
SP,Matthias Dietz (10630274),Matthias Dietz,10630274,P,4000,BAL@LAA 05/02/2018 10:07PM ET,BAL,0
RP,Hunter Harvey (10630275),Hunter Harvey,10630275,P,4000,BAL@LAA 05/02/2018 10:07PM ET,BAL,0
SP,DL Hall (10630276),DL Hall,10630276,P,4000,BAL@LAA 05/02/2018 10:07PM ET,BAL,0
RP,Zach Britton (10630277),Zach Britton,10630277,P,4000,BAL@LAA 05/02/2018 10:07PM ET,BAL,0
RP,Darren O'Day (10630278),Darren O'Day,10630278,P,4000,BAL@LAA 05/02/2018 10:07PM ET,BAL,3.39
RP,Brad Brach (10630279),Brad Brach,10630279,P,4000,BAL@LAA 05/02/2018 10:07PM ET,BAL,1.80
RP,Mychal Givens (10630280),Mychal Givens,10630280,P,4000,BAL@LAA 05/02/2018 10:07PM ET,BAL,3.56
SP,David Holmberg (10630281),David Holmberg,10630281,P,4000,BAL@LAA 05/02/2018 10:07PM ET,BAL,0
SP,Tim Melville (10630282),Tim Melville,10630282,P,4000,BAL@LAA 05/02/2018 10:07PM ET,BAL,0
RP,Richard Bleier (10630283),Richard Bleier,10630283,P,4000,BAL@LAA 05/02/2018 10:07PM ET,BAL,3.96
RP,Gabriel Ynoa (10630284),Gabriel Ynoa,10630284,P,4000,BAL@LAA 05/02/2018 10:07PM ET,BAL,0
RP,Jeff Ferrell (10630285),Jeff Ferrell,10630285,P,4000,BAL@LAA 05/02/2018 10:07PM ET,BAL,0
SP,Mike Wright Jr. (10630286),Mike Wright Jr.,10630286,P,4000,BAL@LAA 05/02/2018 10:07PM ET,BAL,4.17
RP,Jayson Aquino (10630287),Jayson Aquino,10630287,P,4000,BAL@LAA 05/02/2018 10:07PM ET,BAL,0
RP,Chris Lee (10630288),Chris Lee,10630288,P,4000,BAL@LAA 05/02/2018 10:07PM ET,BAL,0
SP,Asher Wojciechowski (10630289),Asher Wojciechowski,10630289,P,4000,BAL@LAA 05/02/2018 10:07PM ET,BAL,0
RP,Miguel Castro (10630290),Miguel Castro,10630290,P,4000,BAL@LAA 05/02/2018 10:07PM ET,BAL,3.32
RP,Pedro Araujo (10630291),Pedro Araujo,10630291,P,4000,BAL@LAA 05/02/2018 10:07PM ET,BAL,5.18
RP,Jose Alvarez (10630292),Jose Alvarez,10630292,P,4000,BAL@LAA 05/02/2018 10:07PM ET,LAA,3.23
RP,Blake Wood (10630293),Blake Wood,10630293,P,4000,BAL@LAA 05/02/2018 10:07PM ET,LAA,2.66
RP,Blake Parker (10630294),Blake Parker,10630294,P,4000,BAL@LAA 05/02/2018 10:07PM ET,LAA,2.22
RP,Jim Johnson (10630295),Jim Johnson,10630295,P,4000,BAL@LAA 05/02/2018 10:07PM ET,LAA,3.24
RP,Parker Bridwell (10630296),Parker Bridwell,10630296,P,4000,BAL@LAA 05/02/2018 10:07PM ET,LAA,-12.45
RP,Akeel Morris (10630297),Akeel Morris,10630297,P,4000,BAL@LAA 05/02/2018 10:07PM ET,LAA,3.45
RP,Cam Bedrosian (10630298),Cam Bedrosian,10630298,P,4000,BAL@LAA 05/02/2018 10:07PM ET,LAA,2.29
RP,Vicente Campos (10630299),Vicente Campos,10630299,P,4000,BAL@LAA 05/02/2018 10:07PM ET,LAA,0
RP,Noe Ramirez (10630300),Noe Ramirez,10630300,P,4000,BAL@LAA 05/02/2018 10:07PM ET,LAA,3.59
RP,Troy Scribner (10630301),Troy Scribner,10630301,P,4000,BAL@LAA 05/02/2018 10:07PM ET,LAA,0
RP,Keynan Middleton (10630302),Keynan Middleton,10630302,P,4000,BAL@LAA 05/02/2018 10:07PM ET,LAA,3.36
SP,Jaime Barria (10630303),Jaime Barria,10630303,P,4000,BAL@LAA 05/02/2018 10:07PM ET,LAA,7.58
SP,Chris Rodriguez (10630304),Chris Rodriguez,10630304,P,4000,BAL@LAA 05/02/2018 10:07PM ET,LAA,0
RP,Justin Anderson (10630305),Justin Anderson,10630305,P,4000,BAL@LAA 05/02/2018 10:07PM ET,LAA,4.33
SP,Griffin Canning (10630306),Griffin Canning,10630306,P,4000,BAL@LAA 05/02/2018 10:07PM ET,LAA,0
OF,Ronald Acuna Jr. (10629566),Ronald Acuna Jr.,10629566,OF,4000,ATL@NYM 05/02/2018 07:10PM ET,ATL,12.33
OF,Yoenis Cespedes (10629575),Yoenis Cespedes,10629575,OF,4000,ATL@NYM 05/02/2018 07:10PM ET,NYM,9.04
SP,Lucas Sims (10630113),Lucas Sims,10630113,P,4000,ATL@NYM 05/02/2018 07:10PM ET,ATL,-8.25
SP,Mike Soroka (10630115),Mike Soroka,10630115,P,4000,ATL@NYM 05/02/2018 07:10PM ET,ATL,21.9
SP,Kolby Allard (10630117),Kolby Allard,10630117,P,4000,ATL@NYM 05/02/2018 07:10PM ET,ATL,0
RP,Chase Whitley (10630307),Chase Whitley,10630307,P,4000,ATL@NYM 05/02/2018 07:10PM ET,ATL,-1.55
RP,Dan Winkler (10630308),Dan Winkler,10630308,P,4000,ATL@NYM 05/02/2018 07:10PM ET,ATL,4.78
SP,Jesse Biddle (10630309),Jesse Biddle,10630309,P,4000,ATL@NYM 05/02/2018 07:10PM ET,ATL,7.36
RP,Jose Ramirez (10630310),Jose Ramirez,10630310,P,4000,ATL@NYM 05/02/2018 07:10PM ET,ATL,-1.02
RP,A.J. Minter (10630311),A.J. Minter,10630311,P,4000,ATL@NYM 05/02/2018 07:10PM ET,ATL,2.71
RP,Max Fried (10630312),Max Fried,10630312,P,4000,ATL@NYM 05/02/2018 07:10PM ET,ATL,1.88
RP,Jacob Lindgren (10630313),Jacob Lindgren,10630313,P,4000,ATL@NYM 05/02/2018 07:10PM ET,ATL,0
RP,Peter Moylan (10630314),Peter Moylan,10630314,P,4000,ATL@NYM 05/02/2018 07:10PM ET,ATL,1.63
RP,Sam Freeman (10630315),Sam Freeman,10630315,P,4000,ATL@NYM 05/02/2018 07:10PM ET,ATL,1.78
RP,Arodys Vizcaino (10630316),Arodys Vizcaino,10630316,P,4000,ATL@NYM 05/02/2018 07:10PM ET,ATL,3.57
SP,Kyle Wright (10630317),Kyle Wright,10630317,P,4000,ATL@NYM 05/02/2018 07:10PM ET,ATL,0
SP,Ricardo Sanchez (10630318),Ricardo Sanchez,10630318,P,4000,ATL@NYM 05/02/2018 07:10PM ET,ATL,0
SP,Bryse Wilson (10630319),Bryse Wilson,10630319,P,4000,ATL@NYM 05/02/2018 07:10PM ET,ATL,0
SP,Joey Wentz (10630320),Joey Wentz,10630320,P,4000,ATL@NYM 05/02/2018 07:10PM ET,ATL,0
SP,Ian Anderson (10630321),Ian Anderson,10630321,P,4000,ATL@NYM 05/02/2018 07:10PM ET,ATL,0
RP,Shane Carle (10630322),Shane Carle,10630322,P,4000,ATL@NYM 05/02/2018 07:10PM ET,ATL,4.86
RP,Paul Sewald (10630323),Paul Sewald,10630323,P,4000,ATL@NYM 05/02/2018 07:10PM ET,NYM,7.36
RP,AJ Ramos (10630324),AJ Ramos,10630324,P,4000,ATL@NYM 05/02/2018 07:10PM ET,NYM,2.01
RP,Jeurys Familia (10630325),Jeurys Familia,10630325,P,4000,ATL@NYM 05/02/2018 07:10PM ET,NYM,3.84
RP,Anthony Swarzak (10630326),Anthony Swarzak,10630326,P,4000,ATL@NYM 05/02/2018 07:10PM ET,NYM,4.02
RP,Jerry Blevins (10630327),Jerry Blevins,10630327,P,4000,ATL@NYM 05/02/2018 07:10PM ET,NYM,0.37
SP,Anthony Kay (10630328),Anthony Kay,10630328,P,4000,ATL@NYM 05/02/2018 07:10PM ET,NYM,0
SP,Justin Dunn (10630329),Justin Dunn,10630329,P,4000,ATL@NYM 05/02/2018 07:10PM ET,NYM,0
SP,Thomas Szapucki (10630330),Thomas Szapucki,10630330,P,4000,ATL@NYM 05/02/2018 07:10PM ET,NYM,0
SP,David Peterson (10630331),David Peterson,10630331,P,4000,ATL@NYM 05/02/2018 07:10PM ET,NYM,0
3B,Maikel Franco (10629579),Maikel Franco,10629579,3B,4000,PHI@MIA 05/02/2018 07:10PM ET,PHI,7.42
2B,Cesar Hernandez (10629580),Cesar Hernandez,10629580,2B,4000,PHI@MIA 05/02/2018 07:10PM ET,PHI,8.28
1B,Carlos Santana (10629597),Carlos Santana,10629597,1B,4000,PHI@MIA 05/02/2018 07:10PM ET,PHI,6.38
SP,Ben Lively (10630118),Ben Lively,10630118,P,4000,PHI@MIA 05/02/2018 07:10PM ET,PHI,5.51
SP,Zach Eflin (10630119),Zach Eflin,10630119,P,4000,PHI@MIA 05/02/2018 07:10PM ET,PHI,17.7
RP,Mark Leiter Jr. (10630122),Mark Leiter Jr.,10630122,P,4000,PHI@MIA 05/02/2018 07:10PM ET,PHI,0
SP,Jake Thompson (10630123),Jake Thompson,10630123,P,4000,PHI@MIA 05/02/2018 07:10PM ET,PHI,5.03
RP,Drew Anderson (10630332),Drew Anderson,10630332,P,4000,PHI@MIA 05/02/2018 07:10PM ET,PHI,0
RP,Yacksel Rios (10630333),Yacksel Rios,10630333,P,4000,PHI@MIA 05/02/2018 07:10PM ET,PHI,3.45
RP,Hector Neris (10630334),Hector Neris,10630334,P,4000,PHI@MIA 05/02/2018 07:10PM ET,PHI,3.67
RP,Adam Morgan (10630335),Adam Morgan,10630335,P,4000,PHI@MIA 05/02/2018 07:10PM ET,PHI,2.28
RP,Edubray Ramos (10630336),Edubray Ramos,10630336,P,4000,PHI@MIA 05/02/2018 07:10PM ET,PHI,3.96
RP,Pedro Beato (10630337),Pedro Beato,10630337,P,4000,PHI@MIA 05/02/2018 07:10PM ET,PHI,0
RP,Pat Neshek (10630338),Pat Neshek,10630338,P,4000,PHI@MIA 05/02/2018 07:10PM ET,PHI,0
RP,Tommy Hunter (10630339),Tommy Hunter,10630339,P,4000,PHI@MIA 05/02/2018 07:10PM ET,PHI,2.15
RP,Luis Garcia (10630340),Luis Garcia,10630340,P,4000,PHI@MIA 05/02/2018 07:10PM ET,PHI,2.62
SP,Drew Hutchison (10630341),Drew Hutchison,10630341,P,4000,PHI@MIA 05/02/2018 07:10PM ET,PHI,4.09
RP,Victor Arano (10630342),Victor Arano,10630342,P,4000,PHI@MIA 05/02/2018 07:10PM ET,PHI,4.62
RP,Zac Curtis (10630343),Zac Curtis,10630343,P,4000,PHI@MIA 05/02/2018 07:10PM ET,PHI,1.65
SP,Adonis Medina (10630344),Adonis Medina,10630344,P,4000,PHI@MIA 05/02/2018 07:10PM ET,PHI,0
SP,Franklyn Kilome (10630345),Franklyn Kilome,10630345,P,4000,PHI@MIA 05/02/2018 07:10PM ET,PHI,0
SP,Sixto Sanchez (10630346),Sixto Sanchez,10630346,P,4000,PHI@MIA 05/02/2018 07:10PM ET,PHI,0
SP,Kevin Gowdy (10630347),Kevin Gowdy,10630347,P,4000,PHI@MIA 05/02/2018 07:10PM ET,PHI,0
SP,JoJo Romero (10630348),JoJo Romero,10630348,P,4000,PHI@MIA 05/02/2018 07:10PM ET,PHI,0
RP,Brad Ziegler (10630349),Brad Ziegler,10630349,P,4000,PHI@MIA 05/02/2018 07:10PM ET,MIA,1.21
RP,Junichi Tazawa (10630350),Junichi Tazawa,10630350,P,4000,PHI@MIA 05/02/2018 07:10PM ET,MIA,2.45
SP,Jacob Turner (10630351),Jacob Turner,10630351,P,4000,PHI@MIA 05/02/2018 07:10PM ET,MIA,-3.51
SP,Tyler Cloyd (10630352),Tyler Cloyd,10630352,P,4000,PHI@MIA 05/02/2018 07:10PM ET,MIA,0.58
RP,Jarlin Garcia (10630353),Jarlin Garcia,10630353,P,4000,PHI@MIA 05/02/2018 07:10PM ET,MIA,16.58
RP,Drew Rucinski (10630354),Drew Rucinski,10630354,P,4000,PHI@MIA 05/02/2018 07:10PM ET,MIA,0
RP,Kyle Barraclough (10630355),Kyle Barraclough,10630355,P,4000,PHI@MIA 05/02/2018 07:10PM ET,MIA,4.33
RP,Brett Graves (10630356),Brett Graves,10630356,P,4000,PHI@MIA 05/02/2018 07:10PM ET,MIA,0
RP,Drew Steckenrider (10630357),Drew Steckenrider,10630357,P,4000,PHI@MIA 05/02/2018 07:10PM ET,MIA,4.44
RP,Brian Ellington (10630358),Brian Ellington,10630358,P,4000,PHI@MIA 05/02/2018 07:10PM ET,MIA,0
SP,Brett Lilek (10630359),Brett Lilek,10630359,P,4000,PHI@MIA 05/02/2018 07:10PM ET,MIA,0
RP,Chris O'Grady (10630360),Chris O'Grady,10630360,P,4000,PHI@MIA 05/02/2018 07:10PM ET,MIA,1.89
RP,Elieser Hernandez (10630361),Elieser Hernandez,10630361,P,4000,PHI@MIA 05/02/2018 07:10PM ET,MIA,0
RP,Nick Wittgren (10630362),Nick Wittgren,10630362,P,4000,PHI@MIA 05/02/2018 07:10PM ET,MIA,3.58
RP,Tayron Guerrero (10630363),Tayron Guerrero,10630363,P,4000,PHI@MIA 05/02/2018 07:10PM ET,MIA,4.01
RP,Severino Gonzalez (10630364),Severino Gonzalez,10630364,P,4000,PHI@MIA 05/02/2018 07:10PM ET,MIA,0
SP,Odrisamer Despaigne (10630365),Odrisamer Despaigne,10630365,P,4000,PHI@MIA 05/02/2018 07:10PM ET,MIA,4.05
RP,Sandy Alcantara (10630366),Sandy Alcantara,10630366,P,4000,PHI@MIA 05/02/2018 07:10PM ET,MIA,0
SP,Braxton Garrett (10630367),Braxton Garrett,10630367,P,4000,PHI@MIA 05/02/2018 07:10PM ET,MIA,0
SP,Nick Neidert (10630368),Nick Neidert,10630368,P,4000,PHI@MIA 05/02/2018 07:10PM ET,MIA,0
SP,Trevor Richards (10630369),Trevor Richards,10630369,P,4000,PHI@MIA 05/02/2018 07:10PM ET,MIA,10.49
RP,Trevor Rogers (10630370),Trevor Rogers,10630370,P,4000,PHI@MIA 05/02/2018 07:10PM ET,MIA,0
C,Yasmani Grandal (10629581),Yasmani Grandal,10629581,C,3900,LAD@ARI 05/02/2018 09:40PM ET,LAD,9.28
OF,Matt Kemp (10629582),Matt Kemp,10629582,OF,3900,LAD@ARI 05/02/2018 09:40PM ET,LAD,6.04
OF,Starling Marte (10629583),Starling Marte,10629583,OF,3900,PIT@WAS 05/02/2018 07:05PM ET,PIT,9
SS,Marcus Semien (10629584),Marcus Semien,10629584,SS,3900,OAK@SEA 05/02/2018 10:10PM ET,OAK,8.52
1B,Ryon Healy (10629608),Ryon Healy,10629608,1B,3900,OAK@SEA 05/02/2018 10:10PM ET,SEA,7.73
2B,Asdrubal Cabrera (10629585),Asdrubal Cabrera,10629585,2B,3900,ATL@NYM 05/02/2018 07:10PM ET,NYM,9.69
3B,Todd Frazier (10629586),Todd Frazier,10629586,3B,3900,ATL@NYM 05/02/2018 07:10PM ET,NYM,8.70
3B/SS,Scott Kingery (10629587),Scott Kingery,10629587,3B/SS,3900,PHI@MIA 05/02/2018 07:10PM ET,PHI,6.33
OF,Steven Souza Jr. (10629590),Steven Souza Jr.,10629590,OF,3800,LAD@ARI 05/02/2018 09:40PM ET,ARI,0
OF,Michael A. Taylor (10629589),Michael A. Taylor,10629589,OF,3800,PIT@WAS 05/02/2018 07:05PM ET,WAS,7.27
1B,Ryan Zimmerman (10629606),Ryan Zimmerman,10629606,1B,3800,PIT@WAS 05/02/2018 07:05PM ET,WAS,5.62
2B,Scooter Gennett (10629603),Scooter Gennett,10629603,2B,3800,MIL@CIN 05/02/2018 07:10PM ET,CIN,6.77
OF,Clint Frazier (10629591),Clint Frazier,10629591,OF,3800,NYY@HOU 05/02/2018 08:10PM ET,NYY,0
1B,Greg Bird (10629592),Greg Bird,10629592,1B,3800,NYY@HOU 05/02/2018 08:10PM ET,NYY,0
3B,Alex Bregman (10629593),Alex Bregman,10629593,3B,3800,NYY@HOU 05/02/2018 08:10PM ET,HOU,7
OF,Mark Canha (10629594),Mark Canha,10629594,OF,3800,OAK@SEA 05/02/2018 10:10PM ET,OAK,8.81
3B,Matt Chapman (10629595),Matt Chapman,10629595,3B,3800,OAK@SEA 05/02/2018 10:10PM ET,OAK,8.66
OF,Justin Upton (10629598),Justin Upton,10629598,OF,3800,BAL@LAA 05/02/2018 10:07PM ET,LAA,7.03
OF,Michael Conforto (10629596),Michael Conforto,10629596,OF,3800,ATL@NYM 05/02/2018 07:10PM ET,NYM,6.38
OF,Chris Taylor (10629600),Chris Taylor,10629600,OF,3700,LAD@ARI 05/02/2018 09:40PM ET,LAD,7.93
OF,Adam Duvall (10629601),Adam Duvall,10629601,OF,3700,MIL@CIN 05/02/2018 07:10PM ET,CIN,6.10
SS,Jose Peraza (10629602),Jose Peraza,10629602,SS,3700,MIL@CIN 05/02/2018 07:10PM ET,CIN,7.55
3B,Miguel Andujar (10629604),Miguel Andujar,10629604,3B,3700,NYY@HOU 05/02/2018 08:10PM ET,NYY,7.86
OF,Josh Reddick (10629605),Josh Reddick,10629605,OF,3700,NYY@HOU 05/02/2018 08:10PM ET,HOU,7.59
2B/3B,Gleyber Torres (10629610),Gleyber Torres,10629610,2B/3B,3700,NYY@HOU 05/02/2018 08:10PM ET,NYY,5.9
1B,Matt Olson (10629616),Matt Olson,10629616,1B,3700,OAK@SEA 05/02/2018 10:10PM ET,OAK,6.97
OF,Ender Inciarte (10629599),Ender Inciarte,10629599,OF,3700,ATL@NYM 05/02/2018 07:10PM ET,ATL,8.93
OF,Aaron Altherr (10629607),Aaron Altherr,10629607,OF,3700,PHI@MIA 05/02/2018 07:10PM ET,PHI,5.85
SS,Corey Seager (10629609),Corey Seager,10629609,SS,3600,LAD@ARI 05/02/2018 09:40PM ET,LAD,7.23
OF,Cesar Puello (10629612),Cesar Puello,10629612,OF,3600,LAD@ARI 05/02/2018 09:40PM ET,ARI,0
3B,Anthony Rendon (10629613),Anthony Rendon,10629613,3B,3600,PIT@WAS 05/02/2018 07:05PM ET,WAS,6.64
OF,Chad Pinder (10629614),Chad Pinder,10629614,OF,3600,OAK@SEA 05/02/2018 10:10PM ET,OAK,6.67
3B,Kyle Seager (10629619),Kyle Seager,10629619,3B,3600,OAK@SEA 05/02/2018 10:10PM ET,SEA,6.93
C,Mike Zunino (10629633),Mike Zunino,10629633,C,3600,OAK@SEA 05/02/2018 10:10PM ET,SEA,7.4
1B/OF,Trey Mancini (10629617),Trey Mancini,10629617,1B/OF,3600,BAL@LAA 05/02/2018 10:07PM ET,BAL,7.11
OF,Adam Jones (10629620),Adam Jones,10629620,OF,3600,BAL@LAA 05/02/2018 10:07PM ET,BAL,6.31
2B,Jonathan Schoop (10629632),Jonathan Schoop,10629632,2B,3600,BAL@LAA 05/02/2018 10:07PM ET,BAL,5.93
OF,Jay Bruce (10629615),Jay Bruce,10629615,OF,3600,ATL@NYM 05/02/2018 07:10PM ET,NYM,6.62
1B/OF,Matt Adams (10629622),Matt Adams,10629622,1B/OF,3500,PIT@WAS 05/02/2018 07:05PM ET,WAS,6.65
OF,Billy Hamilton (10629624),Billy Hamilton,10629624,OF,3500,MIL@CIN 05/02/2018 07:10PM ET,CIN,5.93
OF,Aaron Hicks (10629625),Aaron Hicks,10629625,OF,3500,NYY@HOU 05/02/2018 08:10PM ET,NYY,8.35
C,Brian McCann (10629626),Brian McCann,10629626,C,3500,NYY@HOU 05/02/2018 08:10PM ET,HOU,6.29
3B/SS,Taylor Motter (10629642),Taylor Motter,10629642,3B/SS,3500,OAK@SEA 05/02/2018 10:10PM ET,SEA,3.62
1B/OF,Mark Trumbo (10629627),Mark Trumbo,10629627,1B/OF,3500,BAL@LAA 05/02/2018 10:07PM ET,BAL,0
OF,Jabari Blash (10629629),Jabari Blash,10629629,OF,3500,BAL@LAA 05/02/2018 10:07PM ET,LAA,0
SS,Andrelton Simmons (10629630),Andrelton Simmons,10629630,SS,3500,BAL@LAA 05/02/2018 10:07PM ET,LAA,8.30
2B,Ian Kinsler (10629645),Ian Kinsler,10629645,2B,3500,BAL@LAA 05/02/2018 10:07PM ET,LAA,6.19
OF,Nick Markakis (10629621),Nick Markakis,10629621,OF,3500,ATL@NYM 05/02/2018 07:10PM ET,ATL,8.93
OF,Gregory Polanco (10629636),Gregory Polanco,10629636,OF,3400,PIT@WAS 05/02/2018 07:05PM ET,PIT,7.96
3B/SS,Jung Ho Kang (10629637),Jung Ho Kang,10629637,3B/SS,3400,PIT@WAS 05/02/2018 07:05PM ET,PIT,0
OF,Jesse Winker (10629639),Jesse Winker,10629639,OF,3400,MIL@CIN 05/02/2018 07:10PM ET,CIN,5.93
2B,Tyler Wade (10629640),Tyler Wade,10629640,2B,3400,NYY@HOU 05/02/2018 08:10PM ET,NYY,2.23
OF,Brett Gardner (10629641),Brett Gardner,10629641,OF,3400,NYY@HOU 05/02/2018 08:10PM ET,NYY,6.96
1B,Albert Pujols (10629644),Albert Pujols,10629644,1B,3400,BAL@LAA 05/02/2018 10:07PM ET,LAA,6.68
C,Kurt Suzuki (10629631),Kurt Suzuki,10629631,C,3400,ATL@NYM 05/02/2018 07:10PM ET,ATL,7.48
3B/OF,Jose Bautista (10629634),Jose Bautista,10629634,3B/OF,3400,ATL@NYM 05/02/2018 07:10PM ET,ATL,0
SS,J.P. Crawford (10629646),J.P. Crawford,10629646,SS,3400,PHI@MIA 05/02/2018 07:10PM ET,PHI,4.57
SS,Nick Ahmed (10629647),Nick Ahmed,10629647,SS,3300,LAD@ARI 05/02/2018 09:40PM ET,ARI,8.12
OF,Yasiel Puig (10629652),Yasiel Puig,10629652,OF,3300,LAD@ARI 05/02/2018 09:40PM ET,LAD,5.46
2B/SS,Kike Hernandez (10629659),Kike Hernandez,10629659,2B/SS,3300,LAD@ARI 05/02/2018 09:40PM ET,LAD,5.44
OF,Corey Dickerson (10629648),Corey Dickerson,10629648,OF,3300,PIT@WAS 05/02/2018 07:05PM ET,PIT,9
2B/OF,Howie Kendrick (10629653),Howie Kendrick,10629653,2B/OF,3300,PIT@WAS 05/02/2018 07:05PM ET,WAS,7.22
OF,Domingo Santana (10629655),Domingo Santana,10629655,OF,3300,MIL@CIN 05/02/2018 07:10PM ET,MIL,4.54
2B,Jonathan Villar (10629657),Jonathan Villar,10629657,2B,3300,MIL@CIN 05/02/2018 07:10PM ET,MIL,5.37
C,Max Stassi (10629651),Max Stassi,10629651,C,3300,NYY@HOU 05/02/2018 08:10PM ET,HOU,5.6
SS,Franklin Barreto (10629656),Franklin Barreto,10629656,SS,3300,OAK@SEA 05/02/2018 10:10PM ET,OAK,0
OF,Stephen Piscotty (10629658),Stephen Piscotty,10629658,OF,3300,OAK@SEA 05/02/2018 10:10PM ET,OAK,6.30
1B/3B,Pedro Alvarez (10629649),Pedro Alvarez,10629649,1B/3B,3300,BAL@LAA 05/02/2018 10:07PM ET,BAL,6.4
2B/3B,Zack Cozart (10629677),Zack Cozart,10629677,2B/3B,3300,BAL@LAA 05/02/2018 10:07PM ET,LAA,6.73
C,Francisco Cervelli (10629662),Francisco Cervelli,10629662,C,3200,PIT@WAS 05/02/2018 07:05PM ET,PIT,8.62
2B,Josh Harrison (10629663),Josh Harrison,10629663,2B,3200,PIT@WAS 05/02/2018 07:05PM ET,PIT,7.64
OF,Brian Goodwin (10629666),Brian Goodwin,10629666,OF,3200,PIT@WAS 05/02/2018 07:05PM ET,WAS,5.31
C,Matt Wieters (10629667),Matt Wieters,10629667,C,3200,PIT@WAS 05/02/2018 07:05PM ET,WAS,5.5
1B,Jesus Aguilar (10629675),Jesus Aguilar,10629675,1B,3200,MIL@CIN 05/02/2018 07:10PM ET,MIL,4.88
1B,Yuli Gurriel (10629664),Yuli Gurriel,10629664,1B,3200,NYY@HOU 05/02/2018 08:10PM ET,HOU,6.25
1B/OF,Marwin Gonzalez (10629668),Marwin Gonzalez,10629668,1B/OF,3200,NYY@HOU 05/02/2018 08:10PM ET,HOU,5.90
1B,Dominic Smith (10629661),Dominic Smith,10629661,1B,3200,ATL@NYM 05/02/2018 07:10PM ET,NYM,0
1B,Adrian Gonzalez (10629672),Adrian Gonzalez,10629672,1B,3200,ATL@NYM 05/02/2018 07:10PM ET,NYM,6.41
SS,Dansby Swanson (10629676),Dansby Swanson,10629676,SS,3200,ATL@NYM 05/02/2018 07:10PM ET,ATL,7.85
3B,Brian Anderson (10629665),Brian Anderson,10629665,3B,3200,PHI@MIA 05/02/2018 07:10PM ET,MIA,7.21
OF,Lewis Brinson (10629673),Lewis Brinson,10629673,OF,3200,PHI@MIA 05/02/2018 07:10PM ET,MIA,4.5
1B,Justin Bour (10629674),Justin Bour,10629674,1B,3200,PHI@MIA 05/02/2018 07:10PM ET,MIA,6.52
OF,Yusniel Diaz (10629680),Yusniel Diaz,10629680,OF,3100,LAD@ARI 05/02/2018 09:40PM ET,LAD,0
OF,Alex Verdugo (10629681),Alex Verdugo,10629681,OF,3100,LAD@ARI 05/02/2018 09:40PM ET,LAD,5
2B/SS,Ketel Marte (10629685),Ketel Marte,10629685,2B/SS,3100,LAD@ARI 05/02/2018 09:40PM ET,ARI,5.37
OF,Derek Fisher (10629679),Derek Fisher,10629679,OF,3100,NYY@HOU 05/02/2018 08:10PM ET,HOU,4.48
C,Mike Marjama (10629684),Mike Marjama,10629684,C,3100,OAK@SEA 05/02/2018 10:10PM ET,SEA,2.1
1B/3B,Jefry Marte (10629670),Jefry Marte,10629670,1B/3B,3100,BAL@LAA 05/02/2018 10:07PM ET,LAA,4.84
OF,Brandon Nimmo (10629683),Brandon Nimmo,10629683,OF,3100,ATL@NYM 05/02/2018 07:10PM ET,NYM,5.26
2B,Starlin Castro (10629682),Starlin Castro,10629682,2B,3100,PHI@MIA 05/02/2018 07:10PM ET,MIA,6.69
OF,Nick Williams (10629687),Nick Williams,10629687,OF,3100,PHI@MIA 05/02/2018 07:10PM ET,PHI,3.24
1B,Christian Walker (10629689),Christian Walker,10629689,1B,3000,LAD@ARI 05/02/2018 09:40PM ET,ARI,1.93
OF,Yasmany Tomas (10629691),Yasmany Tomas,10629691,OF,3000,LAD@ARI 05/02/2018 09:40PM ET,ARI,0
2B/SS,Breyvic Valera (10629714),Breyvic Valera,10629714,2B/SS,3000,LAD@ARI 05/02/2018 09:40PM ET,LAD,0.67
2B,Chase Utley (10629716),Chase Utley,10629716,2B,3000,LAD@ARI 05/02/2018 09:40PM ET,LAD,5.84
2B/OF,Chris Owings (10629717),Chris Owings,10629717,2B/OF,3000,LAD@ARI 05/02/2018 09:40PM ET,ARI,5.36
OF,Victor Robles (10629693),Victor Robles,10629693,OF,3000,PIT@WAS 05/02/2018 07:05PM ET,WAS,0
1B/3B,Mark Reynolds (10629703),Mark Reynolds,10629703,1B/3B,3000,PIT@WAS 05/02/2018 07:05PM ET,WAS,0
OF,Jordan Luplow (10629705),Jordan Luplow,10629705,OF,3000,PIT@WAS 05/02/2018 07:05PM ET,PIT,0
3B,Ke'Bryan Hayes (10629708),Ke'Bryan Hayes,10629708,3B,3000,PIT@WAS 05/02/2018 07:05PM ET,PIT,0
C,Raudy Read (10629719),Raudy Read,10629719,C,3000,PIT@WAS 05/02/2018 07:05PM ET,WAS,0
1B,Josh Bell (10629729),Josh Bell,10629729,1B,3000,PIT@WAS 05/02/2018 07:05PM ET,PIT,6.47
OF,Andrew Stevenson (10629732),Andrew Stevenson,10629732,OF,3000,PIT@WAS 05/02/2018 07:05PM ET,WAS,4.22
1B/OF,Jose Osuna (10629736),Jose Osuna,10629736,1B/OF,3000,PIT@WAS 05/02/2018 07:05PM ET,PIT,23
1B/3B,David Freese (10629738),David Freese,10629738,1B/3B,3000,PIT@WAS 05/02/2018 07:05PM ET,PIT,4.6
3B,Nick Senzel (10629688),Nick Senzel,10629688,3B,3000,MIL@CIN 05/02/2018 07:10PM ET,CIN,0
OF,Jose Siri (10629694),Jose Siri,10629694,OF,3000,MIL@CIN 05/02/2018 07:10PM ET,CIN,0
2B/SS,Dilson Herrera (10629698),Dilson Herrera,10629698,2B/SS,3000,MIL@CIN 05/02/2018 07:10PM ET,CIN,0
OF,Ben Revere (10629709),Ben Revere,10629709,OF,3000,MIL@CIN 05/02/2018 07:10PM ET,CIN,0
2B/OF,Hernan Perez (10629720),Hernan Perez,10629720,2B/OF,3000,MIL@CIN 05/02/2018 07:10PM ET,MIL,3.74
OF,Mason Williams (10629722),Mason Williams,10629722,OF,3000,MIL@CIN 05/02/2018 07:10PM ET,CIN,0
3B,J.D. Davis (10629695),J.D. Davis,10629695,3B,3000,NYY@HOU 05/02/2018 08:10PM ET,HOU,3.33
OF,Jacoby Ellsbury (10629700),Jacoby Ellsbury,10629700,OF,3000,NYY@HOU 05/02/2018 08:10PM ET,NYY,0
OF,Estevan Florial (10629701),Estevan Florial,10629701,OF,3000,NYY@HOU 05/02/2018 08:10PM ET,NYY,0
2B/3B,Brandon Drury (10629710),Brandon Drury,10629710,2B/3B,3000,NYY@HOU 05/02/2018 08:10PM ET,NYY,5.5
OF,Billy McKinney (10629712),Billy McKinney,10629712,OF,3000,NYY@HOU 05/02/2018 08:10PM ET,NYY,1.5
C,Evan Gattis (10629723),Evan Gattis,10629723,C,3000,NYY@HOU 05/02/2018 08:10PM ET,HOU,4.35
OF,Dustin Fowler (10629690),Dustin Fowler,10629690,OF,3000,OAK@SEA 05/02/2018 10:10PM ET,OAK,0
SS,Jorge Mateo (10629692),Jorge Mateo,10629692,SS,3000,OAK@SEA 05/02/2018 10:10PM ET,OAK,0
OF,Jayson Werth (10629702),Jayson Werth,10629702,OF,3000,OAK@SEA 05/02/2018 10:10PM ET,SEA,0
C,Jonathan Lucroy (10629724),Jonathan Lucroy,10629724,C,3000,OAK@SEA 05/02/2018 10:10PM ET,OAK,5.36
OF,Matt Joyce (10629733),Matt Joyce,10629733,OF,3000,OAK@SEA 05/02/2018 10:10PM ET,OAK,5
OF,Cedric Mullins (10629696),Cedric Mullins,10629696,OF,3000,BAL@LAA 05/02/2018 10:07PM ET,BAL,0
OF,Austin Hays (10629697),Austin Hays,10629697,OF,3000,BAL@LAA 05/02/2018 10:07PM ET,BAL,0
OF,Colby Rasmus (10629725),Colby Rasmus,10629725,OF,3000,BAL@LAA 05/02/2018 10:07PM ET,BAL,1.75
1B,Chris Davis (10629734),Chris Davis,10629734,1B,3000,BAL@LAA 05/02/2018 10:07PM ET,BAL,4.12
3B,Austin Riley (10629706),Austin Riley,10629706,3B,3000,ATL@NYM 05/02/2018 07:10PM ET,ATL,0
3B,David Wright (10629707),David Wright,10629707,3B,3000,ATL@NYM 05/02/2018 07:10PM ET,NYM,0
OF,Preston Tucker (10629713),Preston Tucker,10629713,OF,3000,ATL@NYM 05/02/2018 07:10PM ET,ATL,5.85
1B,Wilmer Flores (10629730),Wilmer Flores,10629730,1B,3000,ATL@NYM 05/02/2018 07:10PM ET,NYM,3.36
OF,Jaff Decker (10629735),Jaff Decker,10629735,OF,3000,ATL@NYM 05/02/2018 07:10PM ET,ATL,0
2B/3B,Martin Prado (10629726),Martin Prado,10629726,2B/3B,3000,PHI@MIA 05/02/2018 07:10PM ET,MIA,4.25
1B,Garrett Cooper (10629728),Garrett Cooper,10629728,1B,3000,PHI@MIA 05/02/2018 07:10PM ET,MIA,2.25
C,Jorge Alfaro (10629731),Jorge Alfaro,10629731,C,3000,PHI@MIA 05/02/2018 07:10PM ET,PHI,5.1
OF,Andrew Toles (10629740),Andrew Toles,10629740,OF,2900,LAD@ARI 05/02/2018 09:40PM ET,LAD,0
OF,Franklin Gutierrez (10629753),Franklin Gutierrez,10629753,OF,2900,LAD@ARI 05/02/2018 09:40PM ET,LAD,0
1B/OF,Max Muncy (10629754),Max Muncy,10629754,1B/OF,2900,LAD@ARI 05/02/2018 09:40PM ET,LAD,5.33
2B/C,Austin Barnes (10629756),Austin Barnes,10629756,C/2B,2900,LAD@ARI 05/02/2018 09:40PM ET,LAD,3.04
OF,Jarrod Dyson (10629766),Jarrod Dyson,10629766,OF,2900,LAD@ARI 05/02/2018 09:40PM ET,ARI,5.96
SS,Cole Tucker (10629741),Cole Tucker,10629741,SS,2900,PIT@WAS 05/02/2018 07:05PM ET,PIT,0
3B,Colin Moran (10629746),Colin Moran,10629746,3B,2900,PIT@WAS 05/02/2018 07:05PM ET,PIT,6.41
SS,Max Moroff (10629758),Max Moroff,10629758,SS,2900,PIT@WAS 05/02/2018 07:05PM ET,PIT,3.78
2B,Christopher Bostick (10629767),Christopher Bostick,10629767,2B,2900,PIT@WAS 05/02/2018 07:05PM ET,PIT,0
OF,Phillip Ervin (10629742),Phillip Ervin,10629742,OF,2900,MIL@CIN 05/02/2018 07:10PM ET,CIN,3.69
C,Stephen Vogt (10629744),Stephen Vogt,10629744,C,2900,MIL@CIN 05/02/2018 07:10PM ET,MIL,0
2B/3B,Tyler Saladino (10629747),Tyler Saladino,10629747,2B/3B,2900,MIL@CIN 05/02/2018 07:10PM ET,MIL,2
SS,Rosell Herrera (10629759),Rosell Herrera,10629759,SS,2900,MIL@CIN 05/02/2018 07:10PM ET,CIN,1
C,Devin Mesoraco (10629760),Devin Mesoraco,10629760,C,2900,MIL@CIN 05/02/2018 07:10PM ET,CIN,3
1B,Tyler White (10629743),Tyler White,10629743,1B,2900,NYY@HOU 05/02/2018 08:10PM ET,HOU,0
OF,Boog Powell (10629745),Boog Powell,10629745,OF,2900,OAK@SEA 05/02/2018 10:10PM ET,OAK,4.57
1B,Daniel Vogelbach (10629749),Daniel Vogelbach,10629749,1B,2900,OAK@SEA 05/02/2018 10:10PM ET,SEA,4.68
OF,Ben Gamel (10629768),Ben Gamel,10629768,OF,2900,OAK@SEA 05/02/2018 10:10PM ET,SEA,3.62
1B/3B,Luis Valbuena (10629761),Luis Valbuena,10629761,1B/3B,2900,BAL@LAA 05/02/2018 10:07PM ET,LAA,5.30
C,Andrew Susac (10629769),Andrew Susac,10629769,C,2900,BAL@LAA 05/02/2018 10:07PM ET,BAL,0
OF,Kole Calhoun (10629770),Kole Calhoun,10629770,OF,2900,BAL@LAA 05/02/2018 10:07PM ET,LAA,4.5
2B/3B,Jace Peterson (10629771),Jace Peterson,10629771,2B/3B,2900,BAL@LAA 05/02/2018 10:07PM ET,BAL,6.33
C,Travis d'Arnaud (10629750),Travis d'Arnaud,10629750,C,2900,ATL@NYM 05/02/2018 07:10PM ET,NYM,6.5
SS,Gavin Cecchini (10629751),Gavin Cecchini,10629751,SS,2900,ATL@NYM 05/02/2018 07:10PM ET,NYM,0
3B,Rio Ruiz (10629752),Rio Ruiz,10629752,3B,2900,ATL@NYM 05/02/2018 07:10PM ET,ATL,0
SS,Amed Rosario (10629763),Amed Rosario,10629763,SS,2900,ATL@NYM 05/02/2018 07:10PM ET,NYM,4.8
OF,Cameron Maybin (10629764),Cameron Maybin,10629764,OF,2900,PHI@MIA 05/02/2018 07:10PM ET,MIA,4.24
OF,Derek Dietrich (10629765),Derek Dietrich,10629765,OF,2900,PHI@MIA 05/02/2018 07:10PM ET,MIA,6
3B/OF,Rob Segedin (10629775),Rob Segedin,10629775,3B/OF,2800,LAD@ARI 05/02/2018 09:40PM ET,LAD,0
OF,Jeremy Hazelbaker (10629777),Jeremy Hazelbaker,10629777,OF,2800,LAD@ARI 05/02/2018 09:40PM ET,ARI,0
C,Alex Avila (10629778),Alex Avila,10629778,C,2800,LAD@ARI 05/02/2018 09:40PM ET,ARI,4.11
2B/3B,Daniel Descalso (10629787),Daniel Descalso,10629787,2B/3B,2800,LAD@ARI 05/02/2018 09:40PM ET,ARI,6.04
2B/OF,Adam Frazier (10629779),Adam Frazier,10629779,2B/OF,2800,PIT@WAS 05/02/2018 07:05PM ET,PIT,3.74
OF,Moises Sierra (10629793),Moises Sierra,10629793,OF,2800,PIT@WAS 05/02/2018 07:05PM ET,WAS,3
OF,Taylor Trammell (10629773),Taylor Trammell,10629773,OF,2800,MIL@CIN 05/02/2018 07:10PM ET,CIN,0
OF,Keon Broxton (10629774),Keon Broxton,10629774,OF,2800,MIL@CIN 05/02/2018 07:10PM ET,MIL,0
SS,Orlando Arcia (10629781),Orlando Arcia,10629781,SS,2800,MIL@CIN 05/02/2018 07:10PM ET,MIL,4.46
1B/2B,Neil Walker (10629790),Neil Walker,10629790,1B/2B,2800,NYY@HOU 05/02/2018 08:10PM ET,NYY,4.05
OF,Jake Marisnick (10629794),Jake Marisnick,10629794,OF,2800,NYY@HOU 05/02/2018 08:10PM ET,HOU,3.81
C,Chance Sisco (10629782),Chance Sisco,10629782,C,2800,BAL@LAA 05/02/2018 10:07PM ET,BAL,4.24
OF,Lane Adams (10629783),Lane Adams,10629783,OF,2800,ATL@NYM 05/02/2018 07:10PM ET,ATL,3
C,Kevin Plawecki (10629784),Kevin Plawecki,10629784,C,2800,ATL@NYM 05/02/2018 07:10PM ET,NYM,5.57
2B/3B,T.J. Rivera (10629785),T.J. Rivera,10629785,2B/3B,2800,ATL@NYM 05/02/2018 07:10PM ET,NYM,0
OF,Danny Santana (10629789),Danny Santana,10629789,OF,2800,ATL@NYM 05/02/2018 07:10PM ET,ATL,0
C,Rob Brantly (10629792),Rob Brantly,10629792,C,2800,ATL@NYM 05/02/2018 07:10PM ET,ATL,0
3B,Deven Marrero (10629798),Deven Marrero,10629798,3B,2700,LAD@ARI 05/02/2018 09:40PM ET,ARI,4.11
2B/3B,Logan Forsythe (10629817),Logan Forsythe,10629817,2B/3B,2700,LAD@ARI 05/02/2018 09:40PM ET,LAD,4.42
2B/3B,Wilmer Difo (10629799),Wilmer Difo,10629799,2B/3B,2700,PIT@WAS 05/02/2018 07:05PM ET,WAS,5.21
2B/SS,Matt Reynolds (10629801),Matt Reynolds,10629801,2B/SS,2700,PIT@WAS 05/02/2018 07:05PM ET,WAS,0.9
C,Jett Bandy (10629803),Jett Bandy,10629803,C,2700,MIL@CIN 05/02/2018 07:10PM ET,MIL,3.44
C,Manny Pina (10629804),Manny Pina,10629804,C,2700,MIL@CIN 05/02/2018 07:10PM ET,MIL,4.47
C,Tucker Barnhart (10629811),Tucker Barnhart,10629811,C,2700,MIL@CIN 05/02/2018 07:10PM ET,CIN,5.30
1B,AJ Reed (10629795),AJ Reed,10629795,1B,2700,NYY@HOU 05/02/2018 08:10PM ET,HOU,0
2B/3B,Ronald Torreyes (10629805),Ronald Torreyes,10629805,2B/3B,2700,NYY@HOU 05/02/2018 08:10PM ET,NYY,4.75
OF,Jake Smolinski (10629812),Jake Smolinski,10629812,OF,2700,OAK@SEA 05/02/2018 10:10PM ET,OAK,2.54
C,Dustin Garneau (10629813),Dustin Garneau,10629813,C,2700,OAK@SEA 05/02/2018 10:10PM ET,OAK,0
C,Sean Murphy (10629814),Sean Murphy,10629814,C,2700,OAK@SEA 05/02/2018 10:10PM ET,OAK,0
SS,Zach Vincej (10629820),Zach Vincej,10629820,SS,2700,OAK@SEA 05/02/2018 10:10PM ET,SEA,0
3B,Danny Valencia (10629807),Danny Valencia,10629807,3B,2700,BAL@LAA 05/02/2018 10:07PM ET,BAL,5.47
OF,Anthony Santander (10629808),Anthony Santander,10629808,OF,2700,BAL@LAA 05/02/2018 10:07PM ET,BAL,4.12
3B,Tim Beckham (10629821),Tim Beckham,10629821,3B,2700,BAL@LAA 05/02/2018 10:07PM ET,BAL,4.56
OF,Alex Presley (10629822),Alex Presley,10629822,OF,2700,BAL@LAA 05/02/2018 10:07PM ET,BAL,0
3B/SS,Jose Reyes (10629796),Jose Reyes,10629796,3B/SS,2700,ATL@NYM 05/02/2018 07:10PM ET,NYM,2.42
OF,Matt den Dekker (10629809),Matt den Dekker,10629809,OF,2700,ATL@NYM 05/02/2018 07:10PM ET,NYM,0
SS,Tyler Smith (10629815),Tyler Smith,10629815,SS,2700,ATL@NYM 05/02/2018 07:10PM ET,ATL,0
3B,Ryan Flaherty (10629816),Ryan Flaherty,10629816,3B,2700,ATL@NYM 05/02/2018 07:10PM ET,ATL,7.04
OF,Juan Lagares (10629823),Juan Lagares,10629823,OF,2700,ATL@NYM 05/02/2018 07:10PM ET,NYM,3.85
C,Tomas Telis (10629810),Tomas Telis,10629810,C,2700,PHI@MIA 05/02/2018 07:10PM ET,MIA,1.30
C,Andrew Knapp (10629819),Andrew Knapp,10629819,C,2700,PHI@MIA 05/02/2018 07:10PM ET,PHI,3.41
OF,Rey Fuentes (10629824),Rey Fuentes,10629824,OF,2600,LAD@ARI 05/02/2018 09:40PM ET,ARI,0
SS,Jack Reinheimer (10629826),Jack Reinheimer,10629826,SS,2600,LAD@ARI 05/02/2018 09:40PM ET,ARI,0
1B/OF,O'Koyea Dickson (10629849),O'Koyea Dickson,10629849,1B/OF,2600,LAD@ARI 05/02/2018 09:40PM ET,LAD,0
2B/OF,Sean Rodriguez (10629828),Sean Rodriguez,10629828,2B/OF,2600,PIT@WAS 05/02/2018 07:05PM ET,PIT,4.1
SS,Jordy Mercer (10629830),Jordy Mercer,10629830,SS,2600,PIT@WAS 05/02/2018 07:05PM ET,PIT,5
C,Elias Diaz (10629834),Elias Diaz,10629834,C,2600,PIT@WAS 05/02/2018 07:05PM ET,PIT,6.85
C,Jacob Nottingham (10629825),Jacob Nottingham,10629825,C,2600,MIL@CIN 05/02/2018 07:10PM ET,MIL,2
2B/3B,Alex Blandino (10629831),Alex Blandino,10629831,2B/3B,2600,MIL@CIN 05/02/2018 07:10PM ET,CIN,3.94
2B,Keston Hiura (10629843),Keston Hiura,10629843,2B,2600,MIL@CIN 05/02/2018 07:10PM ET,MIL,0
C,Austin Romine (10629835),Austin Romine,10629835,C,2600,NYY@HOU 05/02/2018 08:10PM ET,NYY,4.54
C,David Freitas (10629839),David Freitas,10629839,C,2600,OAK@SEA 05/02/2018 10:10PM ET,SEA,4
2B/3B,Gordon Beckham (10629840),Gordon Beckham,10629840,2B/3B,2600,OAK@SEA 05/02/2018 10:10PM ET,SEA,0
3B/SS,Luis Sardinas (10629836),Luis Sardinas,10629836,3B/SS,2600,BAL@LAA 05/02/2018 10:07PM ET,BAL,2.88
C,Caleb Joseph (10629844),Caleb Joseph,10629844,C,2600,BAL@LAA 05/02/2018 10:07PM ET,BAL,2.47
C,Tomas Nido (10629827),Tomas Nido,10629827,C,2600,ATL@NYM 05/02/2018 07:10PM ET,NYM,2.08
C,Tyler Flowers (10629833),Tyler Flowers,10629833,C,2600,ATL@NYM 05/02/2018 07:10PM ET,ATL,1.5
C,Carlos Perez (10629838),Carlos Perez,10629838,C,2600,ATL@NYM 05/02/2018 07:10PM ET,ATL,1.38
SS,Miguel Rojas (10629842),Miguel Rojas,10629842,SS,2600,PHI@MIA 05/02/2018 07:10PM ET,MIA,6.21
C/OF,Chris Herrmann (10629870),Chris Herrmann,10629870,C/OF,2500,LAD@ARI 05/02/2018 09:40PM ET,ARI,0
C,Miguel Montero (10629863),Miguel Montero,10629863,C,2500,PIT@WAS 05/02/2018 07:05PM ET,WAS,1
C,Pedro Severino (10629872),Pedro Severino,10629872,C,2500,PIT@WAS 05/02/2018 07:05PM ET,WAS,5.19
OF,Brett Phillips (10629847),Brett Phillips,10629847,OF,2500,MIL@CIN 05/02/2018 07:10PM ET,MIL,1
1B/OF,Ji-Man Choi (10629851),Ji-Man Choi,10629851,1B/OF,2500,MIL@CIN 05/02/2018 07:10PM ET,MIL,7
SS,Isan Diaz (10629853),Isan Diaz,10629853,SS,2500,MIL@CIN 05/02/2018 07:10PM ET,MIL,0
2B/OF,Nick Franklin (10629857),Nick Franklin,10629857,2B/OF,2500,MIL@CIN 05/02/2018 07:10PM ET,MIL,0
OF,Kyle Tucker (10629846),Kyle Tucker,10629846,OF,2500,NYY@HOU 05/02/2018 08:10PM ET,HOU,0
OF,Yordan Alvarez (10629848),Yordan Alvarez,10629848,OF,2500,NYY@HOU 05/02/2018 08:10PM ET,HOU,0
C,Kyle Higashioka (10629854),Kyle Higashioka,10629854,C,2500,NYY@HOU 05/02/2018 08:10PM ET,NYY,0
OF,Kyle Lewis (10629855),Kyle Lewis,10629855,OF,2500,OAK@SEA 05/02/2018 10:10PM ET,SEA,0
C,Josh Phegley (10629864),Josh Phegley,10629864,C,2500,OAK@SEA 05/02/2018 10:10PM ET,OAK,0
2B/OF,Steve Lombardozzi (10629865),Steve Lombardozzi,10629865,2B/OF,2500,OAK@SEA 05/02/2018 10:10PM ET,OAK,0
C,Bruce Maxwell (10629867),Bruce Maxwell,10629867,C,2500,OAK@SEA 05/02/2018 10:10PM ET,OAK,3.33
OF,Guillermo Heredia (10629873),Guillermo Heredia,10629873,OF,2500,OAK@SEA 05/02/2018 10:10PM ET,SEA,4.44
SS,Ryan Mountcastle (10629856),Ryan Mountcastle,10629856,SS,2500,BAL@LAA 05/02/2018 10:07PM ET,BAL,0
OF,Jaycob Brugman (10629859),Jaycob Brugman,10629859,OF,2500,BAL@LAA 05/02/2018 10:07PM ET,BAL,0
3B,Kaleb Cowart (10629860),Kaleb Cowart,10629860,3B,2500,BAL@LAA 05/02/2018 10:07PM ET,LAA,0
2B/SS,Nolan Fontana (10629861),Nolan Fontana,10629861,2B/SS,2500,BAL@LAA 05/02/2018 10:07PM ET,LAA,0
3B/SS,Ruben Tejada (10629874),Ruben Tejada,10629874,3B/SS,2500,BAL@LAA 05/02/2018 10:07PM ET,BAL,0
OF,Chris Young (10629876),Chris Young,10629876,OF,2500,BAL@LAA 05/02/2018 10:07PM ET,LAA,2.35
C,Rene Rivera (10629878),Rene Rivera,10629878,C,2500,BAL@LAA 05/02/2018 10:07PM ET,LAA,4.33
C,Martin Maldonado (10629879),Martin Maldonado,10629879,C,2500,BAL@LAA 05/02/2018 10:07PM ET,LAA,4.05
OF,Brandon Marsh (10629880),Brandon Marsh,10629880,OF,2500,BAL@LAA 05/02/2018 10:07PM ET,LAA,0
3B/SS,Johan Camargo (10629868),Johan Camargo,10629868,3B/SS,2500,ATL@NYM 05/02/2018 07:10PM ET,ATL,6.62
C,Jose Lobaton (10629881),Jose Lobaton,10629881,C,2500,ATL@NYM 05/02/2018 07:10PM ET,NYM,3.58
OF,Danny Ortiz (10629845),Danny Ortiz,10629845,OF,2500,PHI@MIA 05/02/2018 07:10PM ET,PHI,0
OF,JB Shuck (10629877),JB Shuck,10629877,OF,2500,PHI@MIA 05/02/2018 07:10PM ET,MIA,3.18
C,Anthony Recker (10629890),Anthony Recker,10629890,C,2400,LAD@ARI 05/02/2018 09:40PM ET,ARI,0
3B,Kyle Farmer (10629892),Kyle Farmer,10629892,3B,2400,LAD@ARI 05/02/2018 09:40PM ET,LAD,3.05
C,John Ryan Murphy (10629893),John Ryan Murphy,10629893,C,2400,LAD@ARI 05/02/2018 09:40PM ET,ARI,3.76
C,Jacob Stallings (10629891),Jacob Stallings,10629891,C,2400,PIT@WAS 05/02/2018 07:05PM ET,PIT,0
OF,Alejandro De Aza (10629894),Alejandro De Aza,10629894,OF,2400,PIT@WAS 05/02/2018 07:05PM ET,WAS,0
3B,Lucas Erceg (10629882),Lucas Erceg,10629882,3B,2400,MIL@CIN 05/02/2018 07:10PM ET,MIL,0
C,Stuart Turner (10629895),Stuart Turner,10629895,C,2400,MIL@CIN 05/02/2018 07:10PM ET,CIN,0
2B/SS,Eric Sogard (10629900),Eric Sogard,10629900,2B/SS,2400,MIL@CIN 05/02/2018 07:10PM ET,MIL,1.52
2B/SS,Cliff Pennington (10629902),Cliff Pennington,10629902,2B/SS,2400,MIL@CIN 05/02/2018 07:10PM ET,CIN,1.5
2B/OF,Tony Kemp (10629883),Tony Kemp,10629883,2B/OF,2400,NYY@HOU 05/02/2018 08:10PM ET,HOU,0
2B,Max Schrock (10629885),Max Schrock,10629885,2B,2400,OAK@SEA 05/02/2018 10:10PM ET,OAK,0
OF,Joey Rickard (10629898),Joey Rickard,10629898,OF,2400,BAL@LAA 05/02/2018 10:07PM ET,BAL,6.5
OF,Craig Gentry (10629904),Craig Gentry,10629904,OF,2400,BAL@LAA 05/02/2018 10:07PM ET,BAL,3.79
2B/SS,Christian Colon (10629896),Christian Colon,10629896,2B/SS,2400,ATL@NYM 05/02/2018 07:10PM ET,ATL,0
3B/SS,Phillip Evans (10629905),Phillip Evans,10629905,3B/SS,2400,ATL@NYM 05/02/2018 07:10PM ET,NYM,0
SS,Andres Gimenez (10629907),Andres Gimenez,10629907,SS,2400,ATL@NYM 05/02/2018 07:10PM ET,NYM,0
OF,Magneuris Sierra (10629886),Magneuris Sierra,10629886,OF,2400,PHI@MIA 05/02/2018 07:10PM ET,MIA,0
2B/SS,JT Riddle (10629887),JT Riddle,10629887,2B/SS,2400,PHI@MIA 05/02/2018 07:10PM ET,MIA,0
C,Chad Wallach (10629889),Chad Wallach,10629889,C,2400,PHI@MIA 05/02/2018 07:10PM ET,MIA,2.67
SS,Pedro Florimon (10629899),Pedro Florimon,10629899,SS,2400,PHI@MIA 05/02/2018 07:10PM ET,PHI,1.73
1B/OF,Scott Van Slyke (10629946),Scott Van Slyke,10629946,1B/OF,2400,PHI@MIA 05/02/2018 07:10PM ET,MIA,0
2B/SS,Kristopher Negron (10629910),Kristopher Negron,10629910,2B/SS,2300,LAD@ARI 05/02/2018 09:40PM ET,ARI,0
SS,Carter Kieboom (10629916),Carter Kieboom,10629916,SS,2300,PIT@WAS 05/02/2018 07:05PM ET,WAS,0
2B/3B,Phil Gosselin (10629917),Phil Gosselin,10629917,2B/3B,2300,MIL@CIN 05/02/2018 07:10PM ET,CIN,1.9
C,Tim Federowicz (10629909),Tim Federowicz,10629909,C,2300,NYY@HOU 05/02/2018 08:10PM ET,HOU,0
OF,Kirk Nieuwenhuis (10629913),Kirk Nieuwenhuis,10629913,OF,2300,OAK@SEA 05/02/2018 10:10PM ET,SEA,0
C,Tuffy Gosewisch (10629914),Tuffy Gosewisch,10629914,C,2300,OAK@SEA 05/02/2018 10:10PM ET,SEA,0
1B,Evan White (10629972),Evan White,10629972,1B,2300,OAK@SEA 05/02/2018 10:10PM ET,SEA,0
OF,Jahmai Jones (10629908),Jahmai Jones,10629908,OF,2300,BAL@LAA 05/02/2018 10:07PM ET,LAA,0
SS,Engelb Vielma (10629915),Engelb Vielma,10629915,SS,2300,BAL@LAA 05/02/2018 10:07PM ET,BAL,0
OF,Eric Young Jr. (10629919),Eric Young Jr.,10629919,OF,2300,BAL@LAA 05/02/2018 10:07PM ET,LAA,0
C,Juan Graterol (10629920),Juan Graterol,10629920,C,2300,BAL@LAA 05/02/2018 10:07PM ET,LAA,0
OF,Jo Adell (10629921),Jo Adell,10629921,OF,2300,BAL@LAA 05/02/2018 10:07PM ET,LAA,0
OF,Ezequiel Carrera (10629912),Ezequiel Carrera,10629912,OF,2300,ATL@NYM 05/02/2018 07:10PM ET,ATL,0
SS,Domingo Leyba (10629922),Domingo Leyba,10629922,SS,2200,LAD@ARI 05/02/2018 09:40PM ET,ARI,0
C,Rocky Gale (10629925),Rocky Gale,10629925,C,2200,LAD@ARI 05/02/2018 09:40PM ET,LAD,0
C,Keibert Ruiz (10629929),Keibert Ruiz,10629929,C,2200,LAD@ARI 05/02/2018 09:40PM ET,LAD,0
C,Jeff Mathis (10629930),Jeff Mathis,10629930,C,2200,LAD@ARI 05/02/2018 09:40PM ET,ARI,3.25
OF,Marcus Wilson (10629931),Marcus Wilson,10629931,OF,2200,LAD@ARI 05/02/2018 09:40PM ET,ARI,0
2B/SS,Adrian Sanchez (10629923),Adrian Sanchez,10629923,2B/SS,2200,PIT@WAS 05/02/2018 07:05PM ET,WAS,3
OF,Ichiro Suzuki (10629932),Ichiro Suzuki,10629932,OF,2200,OAK@SEA 05/02/2018 10:10PM ET,SEA,2.79
1B,Mike Ford (10629970),Mike Ford,10629970,1B,2200,OAK@SEA 05/02/2018 10:10PM ET,SEA,0
2B/3B,Ty Kelly (10629926),Ty Kelly,10629926,2B/3B,2200,ATL@NYM 05/02/2018 07:10PM ET,NYM,0
C,Bryan Holaday (10629928),Bryan Holaday,10629928,C,2200,PHI@MIA 05/02/2018 07:10PM ET,MIA,2.71
OF,Braxton Lee (10629933),Braxton Lee,10629933,OF,2200,PHI@MIA 05/02/2018 07:10PM ET,MIA,1.88
1B,Pavin Smith (10629940),Pavin Smith,10629940,1B,2100,LAD@ARI 05/02/2018 09:40PM ET,ARI,0
C,Daulton Varsho (10629941),Daulton Varsho,10629941,C,2100,LAD@ARI 05/02/2018 09:40PM ET,ARI,0
OF,Rafael Bautista (10629934),Rafael Bautista,10629934,OF,2100,PIT@WAS 05/02/2018 07:05PM ET,WAS,0
OF,Ryan Raburn (10629936),Ryan Raburn,10629936,OF,2100,PIT@WAS 05/02/2018 07:05PM ET,WAS,0
OF,Daniel Nava (10629937),Daniel Nava,10629937,OF,2100,PIT@WAS 05/02/2018 07:05PM ET,PIT,0
C,Jhonatan Solano (10629942),Jhonatan Solano,10629942,C,2100,PIT@WAS 05/02/2018 07:05PM ET,WAS,0
OF,Juan Soto (10629943),Juan Soto,10629943,OF,2100,PIT@WAS 05/02/2018 07:05PM ET,WAS,0
3B/SS,Charlie Culberson (10629944),Charlie Culberson,10629944,3B/SS,2100,ATL@NYM 05/02/2018 07:10PM ET,ATL,1.69
3B,Will Middlebrooks (10629935),Will Middlebrooks,10629935,3B,2100,PHI@MIA 05/02/2018 07:10PM ET,PHI,0
2B/3B,Adam Rosales (10629938),Adam Rosales,10629938,2B/3B,2100,PHI@MIA 05/02/2018 07:10PM ET,PHI,0
OF,Daniel Robertson (10629951),Daniel Robertson,10629951,OF,2000,LAD@ARI 05/02/2018 09:40PM ET,ARI,0
1B/C,Ryan Lavarnway (10629953),Ryan Lavarnway,10629953,C/1B,2000,PIT@WAS 05/02/2018 07:05PM ET,PIT,0
3B/OF,Patrick Kivlehan (10629955),Patrick Kivlehan,10629955,3B/OF,2000,MIL@CIN 05/02/2018 07:10PM ET,CIN,0
C,Erik Kratz (10629957),Erik Kratz,10629957,C,2000,NYY@HOU 05/02/2018 08:10PM ET,NYY,0
OF,Shane Robinson (10629962),Shane Robinson,10629962,OF,2000,NYY@HOU 05/02/2018 08:10PM ET,NYY,6
OF,Lazaro Armenteros (10629965),Lazaro Armenteros,10629965,OF,2000,OAK@SEA 05/02/2018 10:10PM ET,OAK,0
OF,Austin Beck (10629966),Austin Beck,10629966,OF,2000,OAK@SEA 05/02/2018 10:10PM ET,OAK,0
OF/SS,Andrew Romine (10629967),Andrew Romine,10629967,SS/OF,2000,OAK@SEA 05/02/2018 10:10PM ET,SEA,0.31
OF,Cameron Perkins (10629969),Cameron Perkins,10629969,OF,2000,OAK@SEA 05/02/2018 10:10PM ET,SEA,0
3B,Joe Rizzo (10629971),Joe Rizzo,10629971,3B,2000,OAK@SEA 05/02/2018 10:10PM ET,SEA,0
1B,Chris Carter (10629949),Chris Carter,10629949,1B,2000,BAL@LAA 05/02/2018 10:07PM ET,LAA,0
OF,Rymer Liriano (10629952),Rymer Liriano,10629952,OF,2000,BAL@LAA 05/02/2018 10:07PM ET,LAA,0
OF,Dariel Alvarez (10629973),Dariel Alvarez,10629973,OF,2000,BAL@LAA 05/02/2018 10:07PM ET,BAL,0
OF,Peter Bourjos (10629974),Peter Bourjos,10629974,OF,2000,ATL@NYM 05/02/2018 07:10PM ET,ATL,1.5
C,Chris Stewart (10629975),Chris Stewart,10629975,C,2000,ATL@NYM 05/02/2018 07:10PM ET,ATL,4.6
SS,Kevin Maitan (10629976),Kevin Maitan,10629976,SS,2000,ATL@NYM 05/02/2018 07:10PM ET,ATL,0
OF,Monte Harrison (10629948),Monte Harrison,10629948,OF,2000,PHI@MIA 05/02/2018 07:10PM ET,MIA,0
2B,Johnny Giavotella (10629950),Johnny Giavotella,10629950,2B,2000,PHI@MIA 05/02/2018 07:10PM ET,MIA,0
2B/SS,Cristhian Adames (10629958),Cristhian Adames,10629958,2B/SS,2000,PHI@MIA 05/02/2018 07:10PM ET,MIA,0
2B/SS,Grant Green (10629960),Grant Green,10629960,2B/SS,2000,PHI@MIA 05/02/2018 07:10PM ET,MIA,0
2B/SS,Yadiel Rivera (10629963),Yadiel Rivera,10629963,2B/SS,2000,PHI@MIA 05/02/2018 07:10PM ET,MIA,0.90
2B/SS,Jesmuel Valentin (10629977),Jesmuel Valentin,10629977,2B/SS,2000,PHI@MIA 05/02/2018 07:10PM ET,PHI,0
OF,Adam Haseley (10629979),Adam Haseley,10629979,OF,2000,PHI@MIA 05/02/2018 07:10PM ET,PHI,0
OF,Mickey Moniak (10629980),Mickey Moniak,10629980,OF,2000,PHI@MIA 05/02/2018 07:10PM ET,PHI,0
